MISSING_CANDIDATE	丘	く	9
	T	く	八百比丘尼	はっぴゃくびくに
	T	く	八百比丘尼	やおびくに
	T	く	屁負い比丘尼	へおいびくに
	T	く	屁追い比丘尼	へおいびくに
	T	く	比丘	びく
MISSING_CANDIDATE	丹	た	3
	T	た	棚から牡丹餅	たなからぼたもち
	T	た	棚牡丹	たなぼた
	T	た	牡丹餅	ぼたもち
MISSING_CANDIDATE	丹	だん	3
	T	だん	振丹	しんだん
	T	だん	真丹	しんだん
	T	だん	黄丹	おうだん
MISSING_CANDIDATE	乞	ごい	3
	T	ごい	命乞	いのちごい
	T	ごい	暇乞	いとまごい
	T	ごい	物乞	ものごい
MISSING_CANDIDATE	乾	から	10
	T	から	乾っ風	からっかぜ
	T	から	乾びる	からびる
	T	から	乾咳	からせき
	T	から	乾干し	からぼし
	T	から	乾炒り	からいり
MISSING_CANDIDATE	亀	きっ	6
	T	きっ	亀甲	きっこう
	T	きっ	亀甲形	きっこうがた
	T	きっ	亀甲括弧	きっこうかっこ
	T	きっ	亀甲模様	きっこうもよう
	T	きっ	亀甲獣骨文字	きっこうじゅうこつもじ
MISSING_CANDIDATE	介	すけ	3
	T	すけ	次元大介	じげんだいすけ
	T	すけ	鱒の介	ますのすけ
	T	すけ	鱒之介	ますのすけ
MISSING_CANDIDATE	仰	ごう	3
	T	ごう	欽仰	きんごう
	T	ごう	渇仰	かつごう
	T	ごう	随喜渇仰	ずいきかつごう
MISSING_CANDIDATE	仰	の	3
	T	の	仰け反る	のけぞる
	T	の	仰け様	のけさま
	T	の	仰け様	のけざま
MISSING_CANDIDATE	伏	ぶく	3
	T	ぶく	悪魔調伏	あくまちょうぶく
	T	ぶく	調伏	じょうぶく
	T	ぶく	調伏	ちょうぶく
MISSING_CANDIDATE	伏	ぶし	4
	T	ぶし	山伏	やまぶし
	T	ぶし	山伏茸	やまぶしたけ
	T	ぶし	床伏	とこぶし
	T	ぶし	野伏	のぶし
MISSING_CANDIDATE	伐	ばっ	4
	T	ばっ	伐倒	ばっとう
	T	ばっ	伐採	ばっさい
	T	ばっ	伐期	ばっき
	T	ばっ	森林伐採	しんりんばっさい
MISSING_CANDIDATE	伯	お	16
	T	お	伯母	おば
	T	お	伯母さん	おばさん
	T	お	伯母ちゃん	おばちゃん
	T	お	伯母者人	おばじゃひと
	T	お	伯父	おじ
MISSING_CANDIDATE	伯	はっ	3
	T	はっ	伯兄	はっけい
	T	はっ	伯国	はっこく
	T	はっ	伯家神道	はっけしんとう
MISSING_CANDIDATE	伯	ぱく	5
	T	ぱく	サンパウロ日伯援護協会	さんぱうろにっぱくえんごきょうかい
	T	ぱく	日伯	にっぱく
	T	ぱく	日伯学園	にっぱくがくえん
	T	ぱく	日伯方式	にっぱくほうしき
	T	ぱく	雲伯方言	うんぱくほうげん
MISSING_CANDIDATE	伴	とも	6
	T	とも	お伴	おとも
	T	とも	伴	とも
	T	とも	伴なう	ともなう
	T	とも	伴船	ともぶね
	T	とも	伴連れ	ともづれ
MISSING_CANDIDATE	伸	のば	5
	T	のば	引き伸し	ひきのばし
	T	のば	引き伸し機	ひきのばしき
	T	のば	引き伸す	ひきのばす
	T	のば	引伸し機	ひきのばしき
	T	のば	引伸す	ひきのばす
MISSING_CANDIDATE	但	たじ	3
	T	たじ	但馬	たじま
	T	たじ	但馬牛	たじまうし
	T	たじ	但馬牛	たじまぎゅう
MISSING_CANDIDATE	併	しか	3
	T	しか	併し	しかし
	T	しか	併しながら	しかしながら
	T	しか	併し乍ら	しかしながら
MISSING_CANDIDATE	偏	べん	5
	T	べん	人偏	にんべん
	T	べん	巾偏	きんべん
	T	べん	立心偏	りっしんべん
	T	べん	行人偏	ぎょうにんべん
	T	べん	言偏	ごんべん
MISSING_CANDIDATE	傑	けっ	4
	T	けっ	傑作	けっさく
	T	けっ	傑出	けっしゅつ
	T	けっ	傑士	けっし
	T	けっ	最高傑作	さいこうけっさく
MISSING_CANDIDATE	傘	からかさ	3
	T	からかさ	おんば日傘	おんばひからかさ
	T	からかさ	傘	からかさ
	T	からかさ	日傘	ひからかさ
MISSING_CANDIDATE	催	もよ	3
	T	もよ	雨催い	あまもよい
	T	もよ	雨催い	あめもよい
	T	もよ	雪催い	ゆきもよい
MISSING_CANDIDATE	傾	なだ	5
	T	なだ	傾れ	なだれ
	T	なだ	傾れる	なだれる
	T	なだ	傾れ落ちる	なだれおちる
	T	なだ	傾れ込む	なだれこむ
	T	なだ	雪傾れ	ゆきなだれ
MISSING_CANDIDATE	克	こっ	3
	T	こっ	克己	こっき
	T	こっ	克己復礼	こっきふくれい
	T	こっ	克己心	こっきしん
MISSING_CANDIDATE	兼	かね	6
	T	かね	兼合い	かねあい
	T	かね	兼松日産農林	かねまつにっさんのうりん
	T	かね	兼言	かねごと
	T	かね	千番に一番の兼合	せんばんにいちばんのかねあい
	T	かね	待兼	まちかね
MISSING_CANDIDATE	冠	か	4
	T	か	冠者	かざ
	T	か	冠者	かじゃ
	T	か	太郎冠者	たろうかじゃ
	T	か	猿面冠者	さるめんかじゃ
MISSING_CANDIDATE	冠	かぶ	5
	T	かぶ	冠り物	かぶりもの
	T	かぶ	冠る	かぶる
	T	かぶ	冠木	かぶき
	T	かぶ	冠木門	かぶきもん
	T	かぶ	頰冠り	ほおかぶり
MISSING_CANDIDATE	冠	かぶり	3
	T	かぶり	冠	かぶり
	T	かぶり	冠物	かぶりもの
	T	かぶり	初冠	ういかぶり
MISSING_CANDIDATE	冠	かむり	4
	T	かむり	冠	かむり
	T	かむり	冠板	かむりいた
	T	かむり	初冠	ういかむり
	T	かむり	皮冠	かわかむり
MISSING_CANDIDATE	凝	こり	3
	T	こり	凝	こり
	T	こり	凝固まり	こりかたまり
	T	こり	凝固まる	こりかたまる
MISSING_CANDIDATE	凸	とっ	7
	T	とっ	亜鉛凸版	あえんとっぱん
	T	とっ	写真凸版	しゃしんとっぱん
	T	とっ	凸版	とっぱん
	T	とっ	凸版印刷	とっぱんいんさつ
	T	とっ	凸角	とっかく
MISSING_CANDIDATE	刺	ざし	3
	T	ざし	串刺	くしざし
	T	ざし	串刺検索	くしざしけんさく
	T	ざし	目刺	めざし
MISSING_CANDIDATE	刺	らつ	3
	T	らつ	ハツ刺	はつらつ
	T	らつ	溌刺	はつらつ
	T	らつ	発刺	はつらつ
MISSING_CANDIDATE	削	さっ	3
	T	さっ	削去	さっきょ
	T	さっ	削器	さっき
	T	さっ	氷削機	ひょうさっき
MISSING_CANDIDATE	勃	だ	3
	T	だ	半勃ち	はんだち
	T	だ	朝勃ち	あさだち
	T	だ	甘勃ち	あまだち
MISSING_CANDIDATE	勅	ちょっ	3
	T	ちょっ	勅勘	ちょっかん
	T	ちょっ	勅許	ちょっきょ
	T	ちょっ	英国勅許会計士協会	えいこくちょっきょかいけいしきょうかい
MISSING_CANDIDATE	匂	におい	4
	T	におい	匂	におい
	T	におい	匂桜	においざくら
	T	におい	匂玉	においだま
	T	におい	匂菫	においすみれ
MISSING_CANDIDATE	匠	じょう	3
	T	じょう	番匠笠	ばんじょうがさ
	T	じょう	鵜匠	うじょう
	T	じょう	鷹匠	たかじょう
MISSING_CANDIDATE	匹	ひっ	6
	T	ひっ	匹儔	ひっちゅう
	T	ひっ	匹夫	ひっぷ
	T	ひっ	匹夫の勇	ひっぷのゆう
	T	ひっ	匹夫も志を奪うべからず	ひっぷもこころざしをうばうべからず
	T	ひっ	匹婦	ひっぷ
MISSING_CANDIDATE	匿	かく	4
	T	かく	包み匿す	つつみかくす
	T	かく	匿す	かくす
	T	かく	匿まう	かくまう
	T	かく	匿れる	かくれる
MISSING_CANDIDATE	卑	び	3
	T	び	下卑	げび
	T	び	下卑る	げびる
	T	び	貴卑	きび
MISSING_CANDIDATE	卑	ぴ	4
	T	ぴ	女尊男卑	じょそんだんぴ
	T	ぴ	官尊民卑	かんそんみんぴ
	T	ぴ	尊卑	そんぴ
	T	ぴ	鮮卑	せんぴ
MISSING_CANDIDATE	占	うら	12
	T	うら	占	うら
	T	うら	占屋算	うらやさん
	T	うら	占算	うらさん
	T	うら	口占	くちうら
	T	うら	年占	としうら
MISSING_CANDIDATE	占	うらない	4
	T	うらない	占	うらない
	T	うらない	占師	うらないし
	T	うらない	占者	うらないしゃ
	T	うらない	占者	うらないじゃ
MISSING_CANDIDATE	占	じ	3
	T	じ	ひとり占め	ひとりじめ
	T	じ	一人占め	ひとりじめ
	T	じ	独り占め	ひとりじめ
MISSING_CANDIDATE	双	すご	5
	T	すご	双六	すごろく
	T	すご	双六盤	すごろくばん
	T	すご	双陸	すごろく
	T	すご	盤双六	ばんすごろく
	T	すご	絵双六	えすごろく
MISSING_CANDIDATE	双	ぞう	3
	T	ぞう	絵双紙	えぞうし
	T	ぞう	絵双紙屋	えぞうしや
	T	ぞう	草双紙	くさぞうし
MISSING_CANDIDATE	双	もろ	8
	T	もろ	双	もろ
	T	もろ	双乳	もろち
	T	もろ	双刃	もろは
	T	もろ	双差し	もろざし
	T	もろ	双手	もろて
MISSING_CANDIDATE	叔	お	16
	T	お	叔母	おば
	T	お	叔母さん	おばさん
	T	お	叔母ちゃん	おばちゃん
	T	お	叔母者人	おばじゃひと
	T	お	叔父	おじ
MISSING_CANDIDATE	吉	え	5
	T	え	吉い	えい
	T	え	吉方	えほう
	T	え	吉方巻	えほうまき
	T	え	吉方巻き	えほうまき
	T	え	日吉神道	ひえしんとう
MISSING_CANDIDATE	吉	き	4
	T	き	吉備	きび
	T	き	吉備団子	きびだんご
	T	き	吉備国際大学	きびこくさいだいがく
	T	き	吉利支丹	きりしたん
MISSING_CANDIDATE	吐	はき	7
	T	はき	余水吐	よすいはき
	T	はき	吐出す	はきだす
	T	はき	吐口	はきぐち
	T	はき	吐散らす	はきちらす
	T	はき	吐気	はきけ
MISSING_CANDIDATE	咽	む	3
	T	む	咽せっぽい	むせっぽい
	T	む	咽せる	むせる
	T	む	咽せ返る	むせかえる
MISSING_CANDIDATE	哀	わい	6
	T	わい	可哀そう	かわいそう
	T	わい	可哀そうに	かわいそうに
	T	わい	可哀想	かわいそう
	T	わい	可哀想に	かわいそうに
	T	わい	可哀相	かわいそう
MISSING_CANDIDATE	唾	ず	6
	T	ず	固唾	かたず
	T	ず	固唾をのむ	かたずをのむ
	T	ず	固唾を呑む	かたずをのむ
	T	ず	固唾を飲む	かたずをのむ
	T	ず	虫唾	むしず
MISSING_CANDIDATE	喚	よ	5
	T	よ	喚ばる	よばる
	T	よ	喚び出す	よびだす
	T	よ	喚び起こす	よびおこす
	T	よ	喚び起す	よびおこす
	T	よ	喚ぶ	よぶ
MISSING_CANDIDATE	嗣	つ	5
	T	つ	嗣ぐ	つぐ
	T	つ	日嗣ぎ	ひつぎ
	T	つ	日嗣ぎの御子	ひつぎのみこ
	T	つ	日嗣ぎの皇子	ひつぎのみこ
MISSING_CANDIDATE	嗣	つぎ	6
	T	つぎ	世嗣	よつぎ
	T	つぎ	天つ日嗣	あまつひつぎ
	T	つぎ	天津日嗣	あまつひつぎ
	T	つぎ	日嗣	ひつぎ
	T	つぎ	日嗣の御子	ひつぎのみこ
MISSING_CANDIDATE	嘲	あざ	3
	T	あざ	嘲けり	あざけり
	T	あざ	嘲ける	あざける
	T	あざ	嘲笑う	あざわらう
MISSING_CANDIDATE	噴	ふき	5
	T	ふき	噴上がる	ふきあがる
	T	ふき	噴上げ	ふきあげ
	T	ふき	噴上る	ふきあがる
	T	ふき	噴出す	ふきだす
	T	ふき	噴出る	ふきでる
MISSING_CANDIDATE	坊	ぼ	22
	T	ぼ	あわてん坊	あわてんぼ
	T	ぼ	お坊っちゃま	おぼっちゃま
	T	ぼ	お坊っちゃん	おぼっちゃん
	T	ぼ	くいしん坊	くいしんぼ
	T	ぼ	坊っちゃん	ぼっちゃん
MISSING_CANDIDATE	坊	ぼん	4
	T	ぼん	坊	ぼん
	T	ぼん	坊ち	ぼんち
	T	ぼん	坊主	ぼんず
	T	ぼん	坊様	ぼんさま
MISSING_CANDIDATE	執	とり	4
	T	とり	執成し	とりなし
	T	とり	執成す	とりなす
	T	とり	執持つ	とりもつ
	T	とり	執行う	とりおこなう
MISSING_CANDIDATE	堀	ほ	7
	T	ほ	堀りつくす	ほりつくす
	T	ほ	堀り出し物	ほりだしもの
	T	ほ	堀り割り	ほりわり
	T	ほ	堀り抜く	ほりぬく
	T	ほ	堀り返す	ほりかえす
MISSING_CANDIDATE	塊	かたま	3
	T	かたま	ひと塊り	ひとかたまり
	T	かたま	一塊り	ひとかたまり
	T	かたま	塊り	かたまり
MISSING_CANDIDATE	塊	ほど	3
	T	ほど	アメリカ塊芋	あめりかほどいも
	T	ほど	塊芋	ほどいも
	T	ほど	松塊	まつほど
MISSING_CANDIDATE	塗	まぶ	5
	T	まぶ	塗す	まぶす
	T	まぶ	塗る	まぶる
	T	まぶ	塗れ	まぶれ
	T	まぶ	塗れる	まぶれる
	T	まぶ	櫃塗し	ひつまぶし
MISSING_CANDIDATE	塞	せ	3
	T	せ	塞き止める	せきとめる
	T	せ	塞く	せく
	T	せ	涙塞き敢えず	なみだせきあえず
MISSING_CANDIDATE	塞	ふた	4
	T	ふた	塞がり	ふたがり
	T	ふた	塞がる	ふたがる
	T	ふた	方塞がり	かたふたがり
	T	ふた	暗れ塞がる	くれふたがる
MISSING_CANDIDATE	壊	こわし	4
	T	こわし	打ち壊	うちこわし
	T	こわし	打ち壊	ぶちこわし
	T	こわし	打壊	うちこわし
	T	こわし	打壊	ぶちこわし
MISSING_CANDIDATE	奇	ぎ	3
	T	ぎ	小奇麗	こぎれい
	T	ぎ	手奇麗	てぎれい
	T	ぎ	身奇麗	みぎれい
MISSING_CANDIDATE	奉	ささ	3
	T	ささ	奉げもの	ささげもの
	T	ささ	奉げる	ささげる
	T	ささ	奉げ物	ささげもの
MISSING_CANDIDATE	奔	ぽん	3
	T	ぽん	出奔	しゅっぽん
	T	ぽん	出奔者	しゅっぽんしゃ
	T	ぽん	淫奔	いんぽん
MISSING_CANDIDATE	奥	のう	3
	T	のう	蘊奥	うんのう
	T	のう	蘊奥を極める	うんのうをきわめる
	T	のう	蘊奥を究める	うんのうをきわめる
MISSING_CANDIDATE	奴	ぬ	5
	T	ぬ	公奴婢	くぬひ
	T	ぬ	奴僕	ぬぼく
	T	ぬ	奴婢	ぬひ
	T	ぬ	官奴婢	かんぬひ
	T	ぬ	私奴婢	しぬひ
MISSING_CANDIDATE	如	い	16
	T	い	如何で	いかで
	T	い	如何な	いかな
	T	い	如何なる	いかなる
	T	い	如何なる場合でも	いかなるばあいでも
	T	い	如何なる理由	いかなるりゆう
MISSING_CANDIDATE	如	し	12
	T	し	三十六計逃げるに如かず	さんじゅうろっけいにげるにしかず
	T	し	如かず	しかず
	T	し	如く	しく
	T	し	如くは無し	しくはなし
	T	し	子を見ること親に如かず	こをみることおやにしかず
MISSING_CANDIDATE	妬	や	10
	T	や	やきもちを妬く	やきもちをやく
	T	や	やきもち妬く	やきもちやく
	T	や	ヤキモチを妬く	やきもちをやく
	T	や	ヤキモチ妬く	やきもちやく
	T	や	妬く	やく
MISSING_CANDIDATE	姓	じょう	3
	T	じょう	氏素姓	うじすじょう
	T	じょう	種姓	すじょう
	T	じょう	素姓	すじょう
MISSING_CANDIDATE	姫	ひい	4
	T	ひい	お姫さま	おひいさま
	T	ひい	お姫様	おひいさま
	T	ひい	御姫さま	おひいさま
	T	ひい	御姫様	おひいさま
MISSING_CANDIDATE	婆	ばばあ	8
	T	ばばあ	クソ婆	くそばばあ
	T	ばばあ	婆	ばばあ
	T	ばばあ	糞婆	くそばばあ
	T	ばばあ	鬼婆	おにばばあ
MISSING_CANDIDATE	婚	よばい	3
	T	よばい	婚人	よばいびと
	T	よばい	婚文	よばいぶみ
	T	よばい	婚星	よばいぼし
MISSING_CANDIDATE	嫌	や	4
	T	や	嫌	や
	T	や	嫌なこった	やなこった
	T	や	嫌や	やや
	T	や	嫌らしい	やらしい
MISSING_CANDIDATE	宛	ずつ	3
	T	ずつ	一つ宛	ひとつずつ
	T	ずつ	一人宛	ひとりずつ
	T	ずつ	宛	ずつ
MISSING_CANDIDATE	宜	うべ	3
	T	うべ	宜	うべ
	T	うべ	宜なるかな	うべなるかな
	T	うべ	宜なる哉	うべなるかな
MISSING_CANDIDATE	宜	むべ	3
	T	むべ	宜	むべ
	T	むべ	宜なるかな	むべなるかな
	T	むべ	宜なる哉	むべなるかな
MISSING_CANDIDATE	寂	さ	4
	T	さ	きれい寂び	きれいさび
	T	さ	侘び寂び	わびさび
	T	さ	綺麗寂び	きれいさび
	T	さ	詫び寂び	わびさび
MISSING_CANDIDATE	寂	じゃっ	3
	T	じゃっ	寂光	じゃっこう
	T	じゃっ	寂光浄土	じゃっこうじょうど
	T	じゃっ	常寂光土	じょうじゃっこうど
MISSING_CANDIDATE	寝	ねと	5
	T	ねと	寝ぼけまなこ	ねとぼけまなこ
	T	ねと	寝ぼけ眼	ねとぼけまなこ
	T	ねと	寝惚けまなこ	ねとぼけまなこ
	T	ねと	寝惚ける	ねとぼける
	T	ねと	寝惚け眼	ねとぼけまなこ
MISSING_CANDIDATE	寡	やもめ	5
	T	やもめ	女寡	おんなやもめ
	T	やもめ	寡	やもめ
	T	やもめ	寡暮し	やもめぐらし
	T	やもめ	寡暮らし	やもめぐらし
	T	やもめ	男寡	おとこやもめ
MISSING_CANDIDATE	封	ふ	4
	T	ふ	封戸	ふこ
	T	ふ	封戸	ふご
	T	ふ	御封	ごふ
	T	ふ	食封	じきふ
MISSING_CANDIDATE	封	ぷう	9
	T	ぷう	一封	いっぷう
	T	ぷう	三封	さんぷう
	T	ぷう	別封	べっぷう
	T	ぷう	別封で	べっぷうで
	T	ぷう	厳封	げんぷう
MISSING_CANDIDATE	封	ぽう	6
	T	ぽう	冊封	さっぽう
	T	ぽう	冊封体制	さっぽうたいせい
	T	ぽう	冊封使	さっぽうし
	T	ぽう	分封	ぶんぽう
	T	ぽう	減封	げんぽう
MISSING_CANDIDATE	尻	けつ	23
	T	けつ	どん尻	どんけつ
	T	けつ	ビリ尻	びりけつ
	T	けつ	三尻	さんけつ
	T	けつ	二尻	にけつ
	T	けつ	尻	けつ
MISSING_CANDIDATE	尽	つく	16
	T	つく	し尽す	しつくす
	T	つく	やり尽す	やりつくす
	T	つく	出尽す	でつくす
	T	つく	売り尽す	うりつくす
	T	つく	尽す	つくす
MISSING_CANDIDATE	尾	つ	5
	T	つ	あとを尾ける	あとをつける
	T	つ	尾ける	つける
	T	つ	尾け回す	つけまわす
	T	つ	後を尾ける	あとをつける
	T	つ	跡を尾ける	あとをつける
MISSING_CANDIDATE	屈	こご	3
	T	こご	屈まる	こごまる
	T	こご	屈む	こごむ
	T	こご	屈める	こごめる
MISSING_CANDIDATE	履	ぐつ	3
	T	ぐつ	浅履	あさぐつ
	T	ぐつ	深履	ふかぐつ
	T	ぐつ	藁履	わらぐつ
MISSING_CANDIDATE	履	はき	4
	T	はき	履捨てる	はきすてる
	T	はき	履替える	はきかえる
	T	はき	履物	はきもの
	T	はき	履違える	はきちがえる
MISSING_CANDIDATE	履	ばき	3
	T	ばき	上履	うわばき
	T	ばき	下履	したばき
	T	ばき	直履	じかばき
MISSING_CANDIDATE	岳	だけ	3
	T	だけ	岳	だけ
	T	だけ	岳樺	だけかんば
	T	だけ	岳烏	だけがらす
MISSING_CANDIDATE	峰	ぽう	4
	T	ぽう	単峰駱駝	たんぽうらくだ
	T	ぽう	峻峰	しゅんぽう
	T	ぽう	群峰	ぐんぽう
	T	ぽう	連峰	れんぽう
MISSING_CANDIDATE	巡	まわ	4
	T	まわ	お巡り	おまわり
	T	まわ	お巡りさん	おまわりさん
	T	まわ	御巡り	おまわり
	T	まわ	御巡りさん	おまわりさん
MISSING_CANDIDATE	巧	ごう	5
	T	ごう	口巧者	くちごうしゃ
	T	ごう	聞き巧者	ききごうしゃ
	T	ごう	聞巧者	ききごうしゃ
	T	ごう	聴き巧者	ききごうしゃ
	T	ごう	見巧者	みごうしゃ
MISSING_CANDIDATE	巧	だく	3
	T	だく	ことば巧み	ことばだくみ
	T	だく	悪巧み	わるだくみ
	T	だく	言葉巧み	ことばだくみ
MISSING_CANDIDATE	巨	おお	3
	T	おお	巨いなる	おおいなる
	T	おお	巨きい	おおきい
	T	おお	巨頭	おおあたま
MISSING_CANDIDATE	巨	ごん	8
	T	ごん	夢巨頭	ゆめごんどう
	T	ごん	巨頭鯨	ごんどうくじら
	T	ごん	数歯巨頭	かずはごんどう
	T	ごん	沖巨頭	おきごんどう
	T	ごん	河巨頭	かわごんどう
MISSING_CANDIDATE	巾	ぎん	3
	T	ぎん	砂巾着	すなぎんちゃく
	T	ぎん	磯巾着	いそぎんちゃく
	T	ぎん	腰巾着	こしぎんちゃく
MISSING_CANDIDATE	巾	はば	16
	T	はば	並巾	なみはば
	T	はば	値巾	ねはば
	T	はば	半巾	はんはば
	T	はば	大巾	おおはば
	T	はば	巾	はば
MISSING_CANDIDATE	巾	べき	5
	T	べき	巾	べき
	T	べき	巾単	べきたん
	T	べき	巾集合	べきしゅうごう
	T	べき	巾零	べきれい
	T	べき	巾零元	べきれいげん
MISSING_CANDIDATE	帆	ぱん	3
	T	ぱん	出帆	しゅっぱん
	T	ぱん	満帆	まんぱん
	T	ぱん	順風満帆	じゅんぷうまんぱん
MISSING_CANDIDATE	幅	の	3
	T	の	一幅	ひとの
	T	の	二幅	ふたの
	T	の	幅	の
MISSING_CANDIDATE	幣	ぺい	5
	T	ぺい	別格官幣社	べっかくかんぺいしゃ
	T	ぺい	官幣中社	かんぺいちゅうしゃ
	T	ぺい	官幣大社	かんぺいたいしゃ
	T	ぺい	官幣小社	かんぺいしょうしゃ
	T	ぺい	官幣社	かんぺいしゃ
MISSING_CANDIDATE	廉	かど	3
	T	かど	一廉	いっかど
	T	かど	一廉	ひとかど
	T	かど	廉	かど
MISSING_CANDIDATE	弥	よ	4
	T	よ	弥	よ
	T	よ	弥立つ	よだつ
	T	よ	身の毛が弥立つ	みのけがよだつ
	T	よ	身の毛の弥立つ	みのけのよだつ
MISSING_CANDIDATE	弾	はじき	4
	T	はじき	弾音	はじきおん
	T	はじき	御弾	おはじき
	T	はじき	爪弾	つまはじき
MISSING_CANDIDATE	弾	ひき	5
	T	ひき	三味線弾	さみせんひき
	T	ひき	三味線弾	しゃみせんひき
	T	ひき	弾物	ひきもの
	T	ひき	弾語り	ひきがたり
	T	ひき	弾鳴らす	ひきならす
MISSING_CANDIDATE	弾	びき	3
	T	びき	早弾	はやびき
	T	びき	曲弾	きょくびき
	T	びき	速弾	はやびき
MISSING_CANDIDATE	彼	あ	11
	T	あ	彼の	あの
	T	あ	彼のさん	あのさん
	T	あ	彼の世	あのよ
	T	あ	彼の人	あのひと
	T	あ	彼の娘	あのこ
MISSING_CANDIDATE	彼	あれ	9
	T	あれ	彼	あれ
	T	あれ	彼や是や	あれやこれや
	T	あれ	彼ら	あれら
	T	あれ	彼式	あれしき
	T	あれ	彼是	あれこれ
MISSING_CANDIDATE	彼	かん	3
	T	かん	何だ彼だ	なんだかんだ
	T	かん	何とか彼とか	なんとかかんとか
	T	かん	彼とか	かんとか
MISSING_CANDIDATE	微	ほほ	7
	T	ほほ	微笑ましい	ほほえましい
	T	ほほ	微笑み	ほほえみ
	T	ほほ	微笑みかける	ほほえみかける
	T	ほほ	微笑み外交	ほほえみがいこう
	T	ほほ	微笑み掛ける	ほほえみかける
MISSING_CANDIDATE	微	み	14
	T	み	こっぱ微塵	こっぱみじん
	T	み	剣微塵子	けんみじんこ
	T	み	微塵	みじん
	T	み	微塵切り	みじんぎり
	T	み	微塵子	みじんこ
MISSING_CANDIDATE	徹	とお	6
	T	とお	徹す	とおす
	T	とお	徹る	とおる
	T	とお	思う念力岩をも徹す	おもうねんりきいわをもとおす
	T	とお	透き徹す	すきとおす
	T	とお	透き徹る	すきとおる
MISSING_CANDIDATE	忍	しのび	6
	T	しのび	忍	しのび
	T	しのび	忍会	しのびあい
	T	しのび	忍手	しのびて
	T	しのび	忍手	しのびで
	T	しのび	忍込む	しのびこむ
MISSING_CANDIDATE	怖	おじ	10
	T	おじ	怖ける	おじける
	T	おじ	怖気	おじけ
	T	おじ	怖気つく	おじけつく
	T	おじ	怖気づく	おじけづく
	T	おじ	怖気をふるう	おじけをふるう
MISSING_CANDIDATE	怖	おぞ	5
	T	おぞ	怖気	おぞけ
	T	おぞ	怖気をふるう	おぞけをふるう
	T	おぞ	怖気を振るう	おぞけをふるう
	T	おぞ	怖気を震う	おぞけをふるう
	T	おぞ	怖気立つ	おぞけだつ
MISSING_CANDIDATE	怠	だる	5
	T	だる	怠い	だるい
	T	だる	気怠い	けだるい
	T	だる	間怠い	まだるい
	T	だる	間怠っこい	まだるっこい
	T	だる	間怠っこしい	まだるっこしい
MISSING_CANDIDATE	恥	はず	3
	T	はず	心恥かしい	うらはずかしい
	T	はず	恥かしい	はずかしい
	T	はず	気恥かしい	きはずかしい
MISSING_CANDIDATE	悔	げ	5
	T	げ	一億総懺悔	いちおくそうざんげ
	T	げ	懺悔	さんげ
	T	げ	懺悔	ざんげ
	T	げ	懺悔室	ざんげしつ
	T	げ	懺悔録	ざんげろく
MISSING_CANDIDATE	患	うれ	7
	T	うれ	備えあれば患いなし	そなえあればうれいなし
	T	うれ	備えあれば患い無し	そなえあればうれいなし
	T	うれ	患い	うれい
	T	うれ	患え	うれえ
	T	うれ	患える	うれえる
MISSING_CANDIDATE	惜	おし	3
	T	おし	一文惜み	いちもんおしみ
	T	おし	惜気	おしげ
	T	おし	惜気もなく	おしげもなく
MISSING_CANDIDATE	慎	じん	3
	T	じん	火廼要慎	ひのようじん
	T	じん	火迺要慎	ひのようじん
	T	じん	要慎	ようじん
MISSING_CANDIDATE	慶	きょう	4
	T	きょう	嘉慶	かきょう
	T	きょう	天慶	てんきょう
	T	きょう	慶雲	きょううん
	T	きょう	正慶	しょうきょう
MISSING_CANDIDATE	慶	ぎょう	3
	T	ぎょう	元慶	がんぎょう
	T	ぎょう	天慶	てんぎょう
	T	ぎょう	延慶	えんぎょう
MISSING_CANDIDATE	憂	うき	4
	T	うき	仮の憂世	かりのうきよ
	T	うき	憂世	うきよ
	T	うき	憂目	うきめ
	T	うき	憂身	うきみ
MISSING_CANDIDATE	憶	おぼ	4
	T	おぼ	うる憶え	うるおぼえ
	T	おぼ	うろ憶え	うろおぼえ
	T	おぼ	憶える	おぼえる
	T	おぼ	見憶え	みおぼえ
MISSING_CANDIDATE	懸	かか	9
	T	かか	倚り懸る	よりかかる
	T	かか	出懸る	でかかる
	T	かか	引っ懸り	ひっかかり
	T	かか	懸り	かかり
	T	かか	懸る	かかる
MISSING_CANDIDATE	懸	がい	3
	T	がい	三懸	さんがい
	T	がい	胸懸	むながい
	T	がい	面懸	おもがい
MISSING_CANDIDATE	懸	がか	6
	T	がか	手懸り	てがかり
	T	がか	橋懸り	はしがかり
	T	がか	気懸り	きがかり
	T	がか	相懸り	あいがかり
	T	がか	神懸り	かみがかり
MISSING_CANDIDATE	懸	がけ	4
	T	がけ	弓懸	ゆがけ
	T	がけ	懸	がけ
	T	がけ	笠懸	かさがけ
	T	がけ	袈裟懸	けさがけ
MISSING_CANDIDATE	戯	おど	6
	T	おど	戯け	おどけ
	T	おど	戯ける	おどける
	T	おど	戯け口	おどけぐち
	T	おど	戯け者	おどけもの
	T	おど	戯け芝居	おどけしばい
MISSING_CANDIDATE	戯	じゃら	3
	T	じゃら	戯かす	じゃらかす
	T	じゃら	戯す	じゃらす
	T	じゃら	戯つく	じゃらつく
MISSING_CANDIDATE	戯	たわ	6
	T	たわ	戯け	たわけ
	T	たわ	戯ける	たわける
	T	たわ	戯け者	たわけもの
	T	たわ	戯言	たわこと
	T	たわ	戯言	たわごと
MISSING_CANDIDATE	戴	だい	4
	T	だい	お涙頂戴	おなみだちょうだい
	T	だい	御涙頂戴	おなみだちょうだい
	T	だい	頂戴	ちょうだい
	T	だい	頂戴物	ちょうだいもの
MISSING_CANDIDATE	戻	もどし	3
	T	もどし	払戻	はらいもどし
	T	もどし	払戻金	はらいもどしきん
	T	もどし	繰戻	くりもどし
MISSING_CANDIDATE	房	ほう	4
	T	ほう	阿房	あほう
	T	ほう	阿房払い	あほうばらい
	T	ほう	阿房鳥	あほうどり
MISSING_CANDIDATE	扱	こき	3
	T	こき	扱下ろす	こきおろす
	T	こき	扱使う	こきつかう
	T	こき	扱混ぜる	こきまぜる
MISSING_CANDIDATE	扱	しご	3
	T	しご	扱き	しごき
	T	しご	扱き帯	しごきおび
	T	しご	扱く	しごく
MISSING_CANDIDATE	抄	す	3
	T	す	抄き	すき
	T	す	抄き返す	すきかえす
	T	す	抄く	すく
MISSING_CANDIDATE	抱	ぼう	3
	T	ぼう	懐抱	かいぼう
	T	ぼう	辛抱	しんぼう
	T	ぼう	辛抱強い	しんぼうづよい
MISSING_CANDIDATE	押	おさえ	4
	T	おさえ	仮差押	かりさしおさえ
	T	おさえ	差押	さしおさえ
	T	おさえ	差押命令	さしおさえめいれい
	T	おさえ	捜索差押許可状	そうさくさしおさえきょかじょう
MISSING_CANDIDATE	拘	かかわ	4
	T	かかわ	それにも拘らず	それにもかかわらず
	T	かかわ	にも拘らず	にもかかわらず
	T	かかわ	拘らず	かかわらず
	T	かかわ	拘る	かかわる
MISSING_CANDIDATE	拘	こだわ	3
	T	こだわ	拘り	こだわり
	T	こだわ	拘り抜く	こだわりぬく
	T	こだわ	拘る	こだわる
MISSING_CANDIDATE	括	がっ	3
	T	がっ	丸括弧	まるがっこ
	T	がっ	山括弧	やまがっこ
	T	がっ	角括弧	かくがっこ
MISSING_CANDIDATE	括	くくり	3
	T	くくり	括枕	くくりまくら
	T	くくり	括頭巾	くくりずきん
	T	くくり	赤括	あかくくり
MISSING_CANDIDATE	括	くび	3
	T	くび	括れ	くびれ
	T	くび	括れる	くびれる
	T	くび	腰の括れ	こしのくびれ
MISSING_CANDIDATE	拭	ふき	3
	T	ふき	手拭	てふき
	T	ふき	拭掃除	ふきそうじ
	T	ふき	汗拭	あせふき
MISSING_CANDIDATE	拭	ぶ	4
	T	ぶ	から拭き	からぶき
	T	ぶ	拭き	ぶき
	T	ぶ	水拭き	みずぶき
	T	ぶ	清拭き	きよぶき
MISSING_CANDIDATE	振	ぶる	10
	T	ぶる	大尽振舞	だいじんぶるまい
	T	ぶる	大盤振舞	おおばんぶるまい
	T	ぶる	大盤振舞い	おおばんぶるまい
	T	ぶる	立ち振舞	たちぶるまい
	T	ぶる	立ち振舞い	たちぶるまい
MISSING_CANDIDATE	挿	す	3
	T	す	挿げかえる	すげかえる
	T	す	挿げる	すげる
	T	す	挿げ替える	すげかえる
MISSING_CANDIDATE	捉	つか	3
	T	つか	捉まえる	つかまえる
	T	つか	捉まる	つかまる
	T	つか	捉む	つかむ
MISSING_CANDIDATE	捗	はか	3
	T	はか	捗	はか
	T	はか	捗が行く	はかがいく
	T	はか	捗が行く	はかがゆく
MISSING_CANDIDATE	掃	はき	5
	T	はき	掃出し	はきだし
	T	はき	掃出す	はきだす
	T	はき	掃捨てる	はきすてる
	T	はき	掃溜め	はきだめ
	T	はき	掃立て	はきたて
MISSING_CANDIDATE	掘	ほっ	6
	T	ほっ	掘建て	ほったて
	T	ほっ	掘建て小屋	ほったてごや
	T	ほっ	掘立て	ほったて
	T	ほっ	掘立小屋	ほったてごや
	T	ほっ	掘立柱	ほったてばしら
MISSING_CANDIDATE	掘	ぼり	4
	T	ぼり	坑内掘炭鉱	こうないぼりたんこう
	T	ぼり	深掘	ふかぼり
	T	ぼり	露天掘	ろてんぼり
	T	ぼり	露天掘炭鉱	ろてんぼりたんこう
MISSING_CANDIDATE	掛	かか	48
	T	かか	もたれ掛る	もたれかかる
	T	かか	乗っ掛る	のっかかる
	T	かか	乗り掛る	のりかかる
	T	かか	伸し掛る	のしかかる
	T	かか	倒れ掛る	たおれかかる
MISSING_CANDIDATE	掛	がい	3
	T	がい	三掛	さんがい
	T	がい	胸掛	むながい
	T	がい	面掛	おもがい
MISSING_CANDIDATE	掛	がか	19
	T	がか	下掛る	しもがかる
	T	がか	声掛り	こえがかり
	T	がか	大掛り	おおがかり
	T	がか	手掛り	てがかり
	T	がか	掛り	がかり
MISSING_CANDIDATE	描	かき	3
	T	かき	描下ろし	かきおろし
	T	かき	描写す	かきうつす
	T	かき	絵描	えかき
MISSING_CANDIDATE	描	がき	3
	T	がき	手描	てがき
	T	がき	素描	すがき
	T	がき	罫描	けがき
MISSING_CANDIDATE	揚	あが	3
	T	あが	揚り座敷	あがりざしき
	T	あが	揚る	あがる
	T	あが	身揚り	みあがり
MISSING_CANDIDATE	換	かえ	22
	T	かえ	乗換	のりかえ
	T	かえ	乗換券	のりかえけん
	T	かえ	乗換案内	のりかえあんない
	T	かえ	乗換駅	のりかええき
	T	かえ	代金引換	だいきんひきかえ
MISSING_CANDIDATE	換	が	4
	T	が	巣換え	すがえ
	T	が	着換え	きがえ
	T	が	着換える	きがえる
	T	が	襟換え	えりがえ
MISSING_CANDIDATE	揺	ゆる	3
	T	ゆる	小揺ぎ	こゆるぎ
	T	ゆる	揺がす	ゆるがす
	T	ゆる	揺ぎ無い	ゆるぎない
MISSING_CANDIDATE	搾	し	4
	T	し	搾めかす	しめかす
	T	し	搾め木	しめぎ
	T	し	搾め滓	しめかす
	T	し	油搾め木	あぶらしめぎ
MISSING_CANDIDATE	搾	しめ	3
	T	しめ	搾木	しめぎ
	T	しめ	搾滓	しめかす
	T	しめ	油搾木	あぶらしめぎ
MISSING_CANDIDATE	摘	つま	21
	T	つま	お摘み	おつまみ
	T	つま	かい摘む	かいつまむ
	T	つま	キツネに摘まれる	きつねにつままれる
	T	つま	御摘み	おつまみ
	T	つま	掻い摘む	かいつまむ
MISSING_CANDIDATE	摩	ず	4
	T	ず	手摩れる	てずれる
	T	ず	砂摩り	すなずり
	T	ず	行き摩り	いきずり
	T	ず	行き摩り	ゆきずり
MISSING_CANDIDATE	撮	とり	4
	T	とり	ヌイ撮	ぬいとり
	T	とり	撮下ろし	とりおろし
	T	とり	撮方	とりかた
	T	とり	縫撮	ぬいとり
MISSING_CANDIDATE	擦	かす	5
	T	かす	擦り	かすり
	T	かす	擦り傷	かすりきず
	T	かす	擦る	かする
	T	かす	擦れる	かすれる
	T	かす	擦れ傷	かすれきず
MISSING_CANDIDATE	擦	さっ	6
	T	さっ	擦傷	さっしょう
	T	さっ	擦痕	さっこん
	T	さっ	擦筆	さっぴつ
	T	さっ	擦過	さっか
	T	さっ	擦過傷	さっかしょう
MISSING_CANDIDATE	擦	なす	4
	T	なす	擦りつける	なすりつける
	T	なす	擦り付ける	なすりつける
	T	なす	擦り合い	なすりあい
	T	なす	擦る	なする
MISSING_CANDIDATE	敢	あえ	3
	T	あえ	敢て	あえて
	T	あえ	敢ない	あえない
	T	あえ	敢無く	あえなく
MISSING_CANDIDATE	敢	か	4
	T	か	果敢ない	はかない
	T	か	果敢なむ	はかなむ
	T	か	果敢無い	はかない
	T	か	果敢無む	はかなむ
MISSING_CANDIDATE	斎	いみ	3
	T	いみ	斎	いみ
	T	いみ	斎日	いみび
	T	いみ	斎部	いみべ
MISSING_CANDIDATE	斑	しま	3
	T	しま	グレービー斑馬	ぐれーびーしまうま
	T	しま	山斑馬	やましまうま
	T	しま	斑馬	しまうま
MISSING_CANDIDATE	斑	ぱん	4
	T	ぱん	一斑	いっぱん
	T	ぱん	肝斑	かんぱん
	T	ぱん	血斑	けっぱん
	T	ぱん	褐斑病	かっぱんびょう
MISSING_CANDIDATE	斑	ぶち	8
	T	ぶち	斑	ぶち
	T	ぶち	斑山椒魚	ぶちさんしょううお
	T	ぶち	斑毛	ぶちげ
	T	ぶち	斑馬	ぶちうま
	T	ぶち	水斑	みずぶち
MISSING_CANDIDATE	斑	むら	12
	T	むら	塗り斑	ぬりむら
	T	むら	斑	むら
	T	むら	斑っ気	むらっけ
	T	むら	斑なく	むらなく
	T	むら	斑気	むらき
MISSING_CANDIDATE	斗	し	15
	T	し	湯熨斗	ゆのし
	T	し	火熨斗	ひのし
	T	し	熨斗	のし
	T	し	熨斗あわび	のしあわび
	T	し	熨斗を付ける	のしをつける
MISSING_CANDIDATE	斗	ます	4
	T	ます	斗	ます
	T	ます	斗形	ますがた
	T	ます	斗組	ますぐみ
	T	ます	斗組み	ますぐみ
MISSING_CANDIDATE	斜	ななめ	3
	T	ななめ	斜	ななめ
	T	ななめ	斜に構える	ななめにかまえる
	T	ななめ	斜横足	ななめよこあし
MISSING_CANDIDATE	斥	せっ	3
	T	せっ	斥候	せっこう
	T	せっ	斥候兵	せっこうへい
	T	せっ	斥候隊	せっこうたい
MISSING_CANDIDATE	既	すんで	3
	T	すんで	既に	すんでに
	T	すんで	既の事	すんでのこと
	T	すんで	既の所で	すんでのところで
MISSING_CANDIDATE	旨	じ	3
	T	じ	令旨	りょうじ
	T	じ	宣旨	せんじ
	T	じ	綸旨	りんじ
MISSING_CANDIDATE	昆	こ	7
	T	こ	おぼろ昆布	おぼろこぶ
	T	こ	とろろ昆布	とろろこぶ
	T	こ	昆布	こぶ
	T	こ	昆布巻	こぶまき
	T	こ	昆布巻き	こぶまき
MISSING_CANDIDATE	昧	ま	6
	T	ま	三昧耶	さまや
	T	ま	三昧耶	さんまや
	T	ま	三昧耶形	さまやぎょう
	T	ま	三昧耶形	さんまやぎょう
	T	ま	三昧耶戒	さんまやかい
MISSING_CANDIDATE	普	ぶ	4
	T	ぶ	仮普請	かりぶしん
	T	ぶ	割り普請	わりぶしん
	T	ぶ	安普請	やすぶしん
	T	ぶ	道普請	みちぶしん
MISSING_CANDIDATE	曇	くもり	4
	T	くもり	晴後曇	はれのちくもり
	T	くもり	曇	くもり
	T	くもり	曇勝ち	くもりがち
	T	くもり	曇度	くもりど
MISSING_CANDIDATE	更	ざら	3
	T	ざら	万更	まんざら
	T	ざら	満更	まんざら
	T	ざら	満更でもない	まんざらでもない
MISSING_CANDIDATE	更	ふけ	3
	T	ふけ	更	ふけ
	T	ふけ	更待ち月	ふけまちづき
	T	ふけ	更待月	ふけまちづき
MISSING_CANDIDATE	替	かわ	15
	T	かわ	お替り	おかわり
	T	かわ	すり替る	すりかわる
	T	かわ	入れ替り	いれかわり
	T	かわ	入れ替る	いれかわる
	T	かわ	切り替る	きりかわる
MISSING_CANDIDATE	替	がわ	10
	T	がわ	代替り	だいがわり
	T	がわ	台替り	だいがわり
	T	がわ	御代替り	みよがわり
	T	がわ	日替り	ひがわり
	T	がわ	日替り定食	ひがわりていしょく
MISSING_CANDIDATE	朱	あか	3
	T	あか	朱	あか
	T	あか	朱い	あかい
	T	あか	朱で描く	あかでえがく
MISSING_CANDIDATE	朽	くち	9
	T	くち	朽木	くちき
	T	くち	朽果てる	くちはてる
	T	くち	朽葉	くちば
	T	くち	朽葉色	くちばいろ
	T	くち	蛇にかまれて朽縄におじる	へびにかまれてくちなわにおじる
MISSING_CANDIDATE	杯	ばい	5
	T	ばい	三杯酢	さんばいず
	T	ばい	居候三杯目にはそっと出し	いそうろうさんばいめにはそっとだし
	T	ばい	阿呆の三杯汁	あほうのさんばいじる
	T	ばい	駆けつけ三杯	かけつけさんばい
	T	ばい	駆け付け三杯	かけつけさんばい
MISSING_CANDIDATE	枢	くるる	3
	T	くるる	枢	くるる
	T	くるる	枢戸	くるるど
	T	くるる	枢木	くるるぎ
MISSING_CANDIDATE	架	が	3
	T	が	懸架	けんが
	T	が	架空	がくう
	T	が	架線	がせん
MISSING_CANDIDATE	柳	やぎ	3
	T	やぎ	川柳	かわやぎ
	T	やぎ	花柳	はなやぎ
	T	やぎ	青柳	あおやぎ
MISSING_CANDIDATE	柿	こけら	6
	T	こけら	柿	こけら
	T	こけら	柿板	こけらいた
	T	こけら	柿落し	こけらおとし
	T	こけら	柿落とし	こけらおとし
	T	こけら	柿葺	こけらぶき
MISSING_CANDIDATE	桑	ぐわ	3
	T	ぐわ	八丈桑	はちじょうぐわ
	T	ぐわ	山桑	やまぐわ
	T	ぐわ	針桑	はりぐわ
MISSING_CANDIDATE	桟	さ	4
	T	さ	つんぼ桟敷	つんぼさじき
	T	さ	天井桟敷	てんじょうさじき
	T	さ	桟敷	さじき
	T	さ	聾桟敷	つんぼさじき
MISSING_CANDIDATE	棄	すて	4
	T	すて	棄児	すてご
	T	すて	棄子	すてご
	T	すて	棄石	すていし
	T	すて	棄言葉	すてことば
MISSING_CANDIDATE	椎	しい	6
	T	しい	椎	しい
	T	しい	椎の木	しいのき
	T	しい	椎の灯火茸	しいのともしびたけ
	T	しい	椎茸	しいたけ
	T	しい	椎茸皮膚炎	しいたけひふえん
MISSING_CANDIDATE	椎	じい	3
	T	じい	いた椎	いたじい
	T	じい	すだ椎	すだじい
	T	じい	小椎	こじい
MISSING_CANDIDATE	欺	き	3
	T	き	欺罔	きぼう
	T	き	欺罔	きもう
	T	き	欺騙	きへん
MISSING_CANDIDATE	歳	どし	4
	T	どし	同い歳	おないどし
	T	どし	大歳	おおどし
	T	どし	寅歳	とらどし
	T	どし	寅歳生まれ	とらどしうまれ
MISSING_CANDIDATE	汁	し	7
	T	し	お出汁	おだし
	T	し	出汁	だし
	T	し	出汁巻卵	だしまきたまご
	T	し	御出汁	おだし
	T	し	昆布出汁	こんぶだし
MISSING_CANDIDATE	汁	つけ	3
	T	つけ	お汁	おつけ
	T	つけ	御味御汁	おみおつけ
	T	つけ	御汁	おつけ
MISSING_CANDIDATE	汚	ぎた	3
	T	ぎた	口汚ない	くちぎたない
	T	ぎた	意地汚ない	いじぎたない
	T	ぎた	薄汚ない	うすぎたない
MISSING_CANDIDATE	没	もっ	3
	T	もっ	没す	もっす
	T	もっ	没食子	もっしょくし
	T	もっ	没食子酸	もっしょくしさん
MISSING_CANDIDATE	沸	わか	7
	T	わか	コーヒー沸し	こーひーわかし
	T	わか	沸す	わかす
	T	わか	湯を沸す	ゆをわかす
	T	わか	湯沸し	ゆわかし
	T	わか	湯沸し器	ゆわかしき
MISSING_CANDIDATE	沼	ぬ	3
	T	ぬ	沼田場	ぬたば
	T	ぬ	沼田鰻	ぬたうなぎ
	T	ぬ	沼縄	ぬなわ
MISSING_CANDIDATE	泊	とま	12
	T	とま	お泊り会	おとまりかい
	T	とま	お泊り保育	おとまりほいく
	T	とま	寝泊り	ねとまり
	T	とま	御泊り	おとまり
	T	とま	泊り	とまり
MISSING_CANDIDATE	泊	ど	4
	T	ど	夜泊まり	よどまり
	T	ど	安泊まり	やすどまり
	T	ど	片泊まり	かたどまり
	T	ど	素泊まり	すどまり
MISSING_CANDIDATE	泊	どま	3
	T	どま	夜泊り	よどまり
	T	どま	安泊り	やすどまり
	T	どま	素泊り	すどまり
MISSING_CANDIDATE	泡	ぽう	12
	T	ぽう	微発泡	びはっぽう
	T	ぽう	抗発泡剤	こうはっぽうざい
	T	ぽう	汗泡	かんぽう
	T	ぽう	発泡	はっぽう
	T	ぽう	発泡ゴム	はっぽうごむ
MISSING_CANDIDATE	洞	とう	4
	T	とう	曹洞宗	そうとうしゅう
	T	とう	曹洞禅	そうとうぜん
	T	とう	洞爺湖サミット	とうやこさみっと
	T	とう	洞道	とうどう
MISSING_CANDIDATE	浪	なみ	19
	T	なみ	卯浪	うなみ
	T	なみ	女浪	めなみ
	T	なみ	戸浪	となみ
	T	なみ	沖浪	おきなみ
	T	なみ	津浪	つなみ
MISSING_CANDIDATE	浪	ろ	6
	T	ろ	大正浪漫	たいしょうろまん
	T	ろ	浪曼	ろまん
	T	ろ	浪漫	ろまん
	T	ろ	浪漫主義	ろまんしゅぎ
	T	ろ	浪漫派	ろまんは
MISSING_CANDIDATE	浮	うか	13
	T	うか	思い浮べる	おもいうかべる
	T	うか	浮ばれる	うかばれる
	T	うか	浮びあがる	うかびあがる
	T	うか	浮び上がる	うかびあがる
	T	うか	浮び上る	うかびあがる
MISSING_CANDIDATE	浮	うわ	11
	T	うわ	浮つく	うわつく
	T	うわ	浮付く	うわつく
	T	うわ	浮気	うわき
	T	うわ	浮気女	うわきおんな
	T	うわ	浮気心	うわきごころ
MISSING_CANDIDATE	浸	し	4
	T	し	浸みこむ	しみこむ
	T	し	浸みる	しみる
	T	し	浸み込む	しみこむ
	T	し	骨身に浸みる	ほねみにしみる
MISSING_CANDIDATE	淡	うす	4
	T	うす	淡口	うすくち
	T	うす	淡口しょうゆ	うすくちしょうゆ
	T	うす	淡口醤油	うすくちしょうゆ
	T	うす	淡青	うすあお
MISSING_CANDIDATE	添	ぞえ	5
	T	ぞえ	介添	かいぞえ
	T	ぞえ	介添人	かいぞえにん
	T	ぞえ	口添	くちぞえ
	T	ぞえ	沖縄県立浦添看護学校	おきなわけんりつうらぞえかんごがっこう
	T	ぞえ	花嫁介添人	はなよめかいぞえにん
MISSING_CANDIDATE	渡	わたし	15
	T	わたし	先渡	さきわたし
	T	わたし	前渡金	まえわたしきん
	T	わたし	受渡	うけわたし
	T	わたし	受渡日	うけわたしび
	T	わたし	売渡契約書	うりわたしけいやくしょ
MISSING_CANDIDATE	湿	し	3
	T	し	湿気っぽい	しけっぽい
	T	し	湿気る	しける
MISSING_CANDIDATE	溝	どぶ	14
	T	どぶ	大溝	おおどぶ
	T	どぶ	溝	どぶ
	T	どぶ	溝さらい	どぶさらい
	T	どぶ	溝に捨てる	どぶにすてる
	T	どぶ	溝川	どぶがわ
MISSING_CANDIDATE	滅	ほろぼ	3
	T	ほろぼ	大義親を滅す	たいぎおやをほろぼす
	T	ほろぼ	滅す	ほろぼす
	T	ほろぼ	罪滅し	つみほろぼし
MISSING_CANDIDATE	滅	め	6
	T	め	気が滅入る	きがめいる
	T	め	滅入る	めいる
	T	め	滅茶	めちゃ
	T	め	滅茶苦茶	めちゃくちゃ
	T	め	破茶滅茶	はちゃめちゃ
MISSING_CANDIDATE	滑	ぬめ	3
	T	ぬめ	滑り	ぬめり
	T	ぬめ	滑る	ぬめる
	T	ぬめ	滑革	ぬめかわ
MISSING_CANDIDATE	漆	しっ	6
	T	しっ	漆喰	しっくい
	T	しっ	漆器	しっき
	T	しっ	漆工	しっこう
	T	しっ	漆書	しっしょ
	T	しっ	漆食	しっくい
MISSING_CANDIDATE	漬	ず	3
	T	ず	水漬く	みずく
	T	ず	水漬くかばね	みずくかばね
	T	ず	汗水漬く	あせみずく
MISSING_CANDIDATE	潜	むぐ	3
	T	むぐ	地潜り	じむぐり
	T	むぐ	潜る	むぐる
	T	むぐ	花潜り	はなむぐり
MISSING_CANDIDATE	濃	こい	4
	T	こい	濃口	こいくち
	T	こい	濃口しょうゆ	こいくちしょうゆ
	T	こい	濃口醤油	こいくちしょうゆ
	T	こい	濃茶	こいちゃ
MISSING_CANDIDATE	濃	こく	3
	T	こく	濃がある	こくがある
	T	こく	濃のある	こくのある
	T	こく	鯉濃	こいこく
MISSING_CANDIDATE	濃	の	4
	T	の	美津濃	みづの
	T	の	美濃	みの
	T	の	美濃判	みのばん
	T	の	美濃紙	みのがみ
MISSING_CANDIDATE	為	し	49
	T	し	為たい放題	したいほうだい
	T	し	為てやる	してやる
	T	し	為て遣る	してやる
	T	し	為付ける	しつける
	T	し	為兼ねる	しかねる
MISSING_CANDIDATE	為	せ	4
	T	せ	為ん方	せんかた
	T	せ	為ん方ない	せんかたない
	T	せ	為ん方無い	せんかたない
	T	せ	為ん術	せんすべ
MISSING_CANDIDATE	焦	こげ	3
	T	こげ	焦臭い	こげくさい
	T	こげ	焦茶	こげちゃ
	T	こげ	焦茶色	こげちゃいろ
MISSING_CANDIDATE	煎	いり	6
	T	いり	煎湯	いりゆ
	T	いり	煎米	いりごめ
	T	いり	煎胡麻	いりごま
	T	いり	煎豆腐	いりどうふ
	T	いり	煎鍋	いりなべ
MISSING_CANDIDATE	煙	けぶ	5
	T	けぶ	煙	けぶ
	T	けぶ	煙い	けぶい
	T	けぶ	煙がる	けぶがる
	T	けぶ	煙たい	けぶたい
	T	けぶ	煙る	けぶる
MISSING_CANDIDATE	煙	けぶり	3
	T	けぶり	橋場の煙	はしばのけぶり
	T	けぶり	煙	けぶり
	T	けぶり	空の煙	そらのけぶり
MISSING_CANDIDATE	煩	うる	5
	T	うる	口煩さい	くちうるさい
	T	うる	煩さい	うるさい
	T	うる	煩さがる	うるさがる
	T	うる	煩さ型	うるさがた
MISSING_CANDIDATE	牙	き	4
	T	き	グラップラー刃牙	ぐらっぷらーばき
	T	き	牙	き
	T	き	猪牙舟	ちょきぶね
	T	き	猪牙船	ちょきぶね
MISSING_CANDIDATE	狂	ちが	6
	T	ちが	気狂い	きちがい
	T	ちが	気狂いじみる	きちがいじみる
	T	ちが	気狂いに刃物	きちがいにはもの
	T	ちが	気狂い染みる	きちがいじみる
	T	ちが	気狂い水	きちがいみず
MISSING_CANDIDATE	狭	せ	6
	T	せ	ところ狭しと	ところせしと
	T	せ	所狭しと	ところせしと
	T	せ	狭	せ
	T	せ	狭し	せし
	T	せ	狭に	せに
MISSING_CANDIDATE	狭	はざ	3
	T	はざ	狭間	はざま
	T	はざ	狭間飛び	はざまとび
MISSING_CANDIDATE	猛	たけ	14
	T	たけ	威あって猛からず	いあってたけからず
	T	たけ	威ありて猛からず	いありてたけからず
	T	たけ	威有って猛からず	いあってたけからず
	T	たけ	威有て猛からず	いありてたけからず
	T	たけ	威有りて猛からず	いありてたけからず
MISSING_CANDIDATE	猛	みょう	4
	T	みょう	勇猛	ゆうみょう
	T	みょう	勇猛精進	ゆうみょうしょうじん
	T	みょう	猛火	みょうか
	T	みょう	雄猛	ゆうみょう
MISSING_CANDIDATE	猫	みょう	5
	T	みょう	土斑猫	つちはんみょう
	T	みょう	姫土斑猫	ひめつちはんみょう
	T	みょう	斑猫	はんみょう
	T	みょう	豆斑猫	まめはんみょう
	T	みょう	青斑猫	あおはんみょう
MISSING_CANDIDATE	獣	しし	4
	T	しし	獣	しし
	T	しし	獣狩	ししがり
	T	しし	獣狩り	ししがり
	T	しし	獣鍋	ししなべ
MISSING_CANDIDATE	獲	と	7
	T	と	獲って喰う	とってくう
	T	と	獲って食う	とってくう
	T	と	獲らぬタヌキの皮算用	とらぬたぬきのかわざんよう
	T	と	獲らぬ狸の皮算用	とらぬたぬきのかわざんよう
	T	と	獲る	とる
MISSING_CANDIDATE	珠	し	3
	T	し	大葉擬宝珠	おおばぎぼうし
	T	し	小葉擬宝珠	こばぎぼうし
	T	し	擬宝珠	ぎぼうし
MISSING_CANDIDATE	珠	ず	3
	T	ず	念珠	ねんず
	T	ず	数珠	ずず
	T	ず	珠数	ずず
MISSING_CANDIDATE	璧	ぺき	4
	T	ぺき	パー璧	ぱーぺき
	T	ぺき	完璧	かんぺき
	T	ぺき	完璧主義	かんぺきしゅぎ
	T	ぺき	完璧主義者	かんぺきしゅぎしゃ
MISSING_CANDIDATE	環	だまき	3
	T	だまき	苧環	おだまき
	T	だまき	苧環蒸	おだまきむし
	T	だまき	苧環蒸し	おだまきむし
MISSING_CANDIDATE	瓶	びょう	4
	T	びょう	宝瓶	ほうびょう
	T	びょう	水瓶	すいびょう
	T	びょう	花瓶	けびょう
	T	びょう	華瓶	けびょう
# T.shimizu つる+べとして登録対象を変更
MISSING_CANDIDATE	釣	つる	7
	T	るべ	撥ね釣瓶	はねつるべ
	T	るべ	秋の日は釣瓶落とし	あきのひはつるべおとし
	T	るべ	釣瓶	つるべ
	T	るべ	釣瓶うち	つるべうち
	T	るべ	釣瓶打ち	つるべうち
MISSING_CANDIDATE	甚	いた	5
	T	いた	甚い	いたい
	T	いた	甚く	いたく
	T	いた	甚振る	いたぶる
MISSING_CANDIDATE	甲	か	18
	T	か	甲斐	かい
	T	か	甲斐あって	かいあって
	T	か	甲斐がある	かいがある
	T	か	甲斐がない	かいがない
	T	か	甲斐が有る	かいがある
MISSING_CANDIDATE	甲	かっ	5
	T	かっ	甲冑	かっちゅう
	T	かっ	甲冑師	かっちゅうし
	T	かっ	甲冑魚	かっちゅうぎょ
	T	かっ	甲子	かっし
	T	かっ	甲胄	かっちゅう
MISSING_CANDIDATE	甲	かぶと	5
	T	かぶと	甲	かぶと
	T	かぶと	甲を脱ぐ	かぶとをぬぐ
	T	かぶと	甲虫	かぶとむし
	T	かぶと	甲蟹	かぶとがに
	T	かぶと	鳥甲	とりかぶと
MISSING_CANDIDATE	甲	が	25
	T	が	し甲斐	しがい
	T	が	やり甲斐	やりがい
	T	が	やり甲斐のある	やりがいのある
	T	が	不甲斐ない	ふがいない
	T	が	不甲斐無い	ふがいない
MISSING_CANDIDATE	畳	たとう	3
	T	たとう	畳	たとう
	T	たとう	畳紙	たとうがみ
	T	たとう	畳紙	たとうし
MISSING_CANDIDATE	畳	だたみ	7
	T	だたみ	上げ畳	あげだたみ
	T	だたみ	坊主畳	ぼうずだたみ
	T	だたみ	板畳	いただたみ
	T	だたみ	石畳	いしだたみ
	T	だたみ	石畳宿借	いしだたみやどかり
MISSING_CANDIDATE	疎	おろ	4
	T	おろ	疎	おろ
	T	おろ	疎か	おろか
	T	おろ	疎癒ゆ	おろいゆ
	T	おろ	疎覚え	おろおぼえ
MISSING_CANDIDATE	疎	おろそ	5
	T	おろそ	仇や疎か	あだやおろそか
	T	おろそ	徒や疎か	あだやおろそか
	T	おろそ	徒疎か	あだおろそか
	T	おろそ	疎か	おろそか
	T	おろそ	疎かにする	おろそかにする
MISSING_CANDIDATE	疾	と	10
	T	と	疾う	とう
	T	と	疾うから	とうから
	T	と	疾うに	とうに
	T	と	疾うの昔	とうのむかし
	T	と	疾く	とく
MISSING_CANDIDATE	痴	おこ	3
	T	おこ	痴	おこ
	T	おこ	痴がましい	おこがましい
	T	おこ	痴言	おこごと
MISSING_CANDIDATE	癖	ぺき	5
	T	ぺき	偏癖	へんぺき
	T	ぺき	潔癖	けっぺき
	T	ぺき	潔癖性	けっぺきしょう
	T	ぺき	潔癖症	けっぺきしょう
	T	ぺき	癇癖	かんぺき
MISSING_CANDIDATE	盗	ぬすっ	6
	T	ぬすっ	牛盗人	うしぬすっと
	T	ぬすっ	盗人	ぬすっと
	T	ぬすっ	盗人たけだけしい	ぬすっとたけだけしい
	T	ぬすっ	盗人に追い銭	ぬすっとにおいせん
	T	ぬすっ	盗人根性	ぬすっとこんじょう
MISSING_CANDIDATE	盤	はん	3
	T	はん	台盤	だいはん
	T	はん	盤陀	はんだ
	T	はん	真盤竜亜目	しんはんりゅうあもく
MISSING_CANDIDATE	眠	ねぶ	4
	T	ねぶ	眠たい	ねぶたい
	T	ねぶ	眠り	ねぶり
	T	ねぶ	眠り人	ねぶりびと
	T	ねぶ	眠る	ねぶる
MISSING_CANDIDATE	睡	ねぶ	3
	T	ねぶ	睡たい	ねぶたい
	T	ねぶ	睡り	ねぶり
	T	ねぶ	睡る	ねぶる
MISSING_CANDIDATE	砲	ぽう	31
	T	ぽう	ひじ鉄砲	ひじてっぽう
	T	ぽう	下手な鉄砲も数打てば当たる	へたなてっぽうもかずうてばあたる
	T	ぽう	下手な鉄砲も数撃ちゃ当たる	へたなてっぽうもかずうちゃあたる
	T	ぽう	下手な鉄砲も数撃てば当たる	へたなてっぽうもかずうてばあたる
	T	ぽう	山砲	さんぽう
MISSING_CANDIDATE	硝	がら	28
	T	がら	クラウン硝子	くらうんがらす
	T	がら	フリント硝子	ふりんとがらす
	T	がら	天然硝子	てんねんがらす
	T	がら	摺り硝子	すりがらす
	T	がら	摺硝子	すりがらす
MISSING_CANDIDATE	硫	い	13
	T	い	三酸化硫黄	さんさんかいおう
	T	い	二酸化硫黄	にさんかいおう
	T	い	六フッ化硫黄	ろくふっかいおう
	T	い	塩化硫黄	えんかいおう
	T	い	硫黄	いおう
MISSING_CANDIDATE	磨	と	4
	T	と	磨ぎ汁	とぎしる
	T	と	磨ぎ汁	とぎじる
	T	と	磨ぐ	とぐ
	T	と	鏡磨ぎ	かがみとぎ
# T.shimizu はり+まとして播を再登録
MISSING_CANDIDATE	播	はり	3
	T	りま	播磨	はりま
	T	りま	播磨風土記	はりまふどき
	T	りま	石川島播磨重工業株式会社	いしかわじまはりまじゅうこうぎょうかぶしきがいしゃ
MISSING_CANDIDATE	祥	じょう	3
	T	じょう	吉祥	きちじょう
	T	じょう	吉祥天	きちじょうてん
	T	じょう	吉祥草	きちじょうそう
MISSING_CANDIDATE	禍	まが	7
	T	まが	大禍時	おおまがとき
	T	まが	禍	まが
	T	まが	禍事	まがこと
	T	まが	禍事	まがごと
	T	まが	禍津日	まがつひ
MISSING_CANDIDATE	秀	ほ	4
	T	ほ	片秀	かたほ
	T	ほ	真秀	まほ
	T	ほ	真秀呂場	まほろば
	T	ほ	秀つ枝	ほつえ
MISSING_CANDIDATE	秩	ちち	4
	T	ちち	秩父三十四所	ちちぶさんじゅうよんしょ
	T	ちち	秩父夜祭	ちちぶよまつり
	T	ちち	秩父夜祭り	ちちぶよまつり
	T	ちち	秩父小野田	ちちぶおのだ
MISSING_CANDIDATE	穫	と	4
	T	と	穫り入れる	とりいれる
	T	と	穫る	とる
	T	と	穫れる	とれる
	T	と	魚を穫る	さかなをとる
MISSING_CANDIDATE	突	つっ	8
	T	つっ	突張り	つっぱり
	T	つっ	突慳貪	つっけんどん
	T	つっ	突掛ける	つっかける
	T	つっ	突立つ	つったつ
	T	つっ	突込み	つっこみ
MISSING_CANDIDATE	突	つつ	7
	T	つつ	突き	つつき
	T	つつ	突きの順位	つつきのじゅんい
	T	つつ	突き回す	つつきまわす
	T	つつ	突く	つつく
	T	つつ	藪を突いて蛇を出す	やぶをつついてへびをだす
MISSING_CANDIDATE	端	つま	8
	T	つま	端	つま
	T	つま	端取	つまとり
	T	つま	端取	つまどり
	T	つま	端取り	つまとり
	T	つま	端取り	つまどり
MISSING_CANDIDATE	端	はした	5
	T	はした	端	はした
	T	はした	端ない	はしたない
	T	はした	端女	はしため
	T	はした	端色	はしたいろ
	T	はした	端金	はしたがね
MISSING_CANDIDATE	端	はじ	3
	T	はじ	両端	りょうはじ
	T	はじ	端	はじ
	T	はじ	端っこ	はじっこ
MISSING_CANDIDATE	端	ぱな	3
	T	ぱな	出っ端	でっぱな
	T	ぱな	初っ端	しょっぱな
	T	ぱな	突端	とっぱな
MISSING_CANDIDATE	範	ぱん	3
	T	ぱん	典範	てんぱん
	T	ぱん	文範	ぶんぱん
	T	ぱん	皇室典範	こうしつてんぱん
MISSING_CANDIDATE	籍	じゃく	5
	T	じゃく	典籍	てんじゃく
	T	じゃく	庚午年籍	こうごねんじゃく
	T	じゃく	書籍	しょじゃく
	T	じゃく	書籍館	しょじゃくかん
	T	じゃく	短籍	たんじゃく
MISSING_CANDIDATE	籠	ろ	4
	T	ろ	井籠	せいろ
	T	ろ	花灯籠	はなどうろ
	T	ろ	蒸籠	せいろ
	T	ろ	蒸籠蒸し	せいろむし
MISSING_CANDIDATE	粗	ざら	3
	T	ざら	粗目	ざらめ
	T	ざら	粗目糖	ざらめとう
	T	ざら	粗目雪	ざらめゆき
MISSING_CANDIDATE	粧	そう	3
	T	そう	仮粧	けそう
	T	そう	化粧	けそう
	T	そう	盛粧	せいそう
MISSING_CANDIDATE	粧	めか	6
	T	めか	お粧し	おめかし
	T	めか	御粧し	おめかし
	T	めか	粧しこむ	めかしこむ
	T	めか	粧し屋	めかしや
	T	めか	粧し込む	めかしこむ
MISSING_CANDIDATE	粧	よそお	3
	T	よそお	山粧う	やまよそおう
	T	よそお	粧い	よそおい
	T	よそお	粧う	よそおう
MISSING_CANDIDATE	粧	わい	4
	T	わい	仮粧	けわい
	T	わい	化粧	けわい
	T	わい	化粧料	けわいりょう
	T	わい	化粧殿	けわいでん
MISSING_CANDIDATE	糾	あざな	3
	T	あざな	禍福は糾える縄のごとし	かふくはあざなえるなわのごとし
	T	あざな	禍福は糾える縄の如し	かふくはあざなえるなわのごとし
	T	あざな	糾う	あざなう
MISSING_CANDIDATE	紛	まが	16
	T	まが	紛い	まがい
	T	まが	紛いもない	まがいもない
	T	まが	紛い物	まがいもの
	T	まが	紛う	まがう
	T	まが	紛うかたなき	まがうかたなき
MISSING_CANDIDATE	紛	まぐ	3
	T	まぐ	気紛れ	きまぐれ
	T	まぐ	紛れ	まぐれ
	T	まぐ	紛れ当たり	まぐれあたり
MISSING_CANDIDATE	紛	まご	13
	T	まご	紛う	まごう
	T	まご	紛うかたなき	まごうかたなき
	T	まご	紛うかたなく	まごうかたなく
	T	まご	紛うかた無き	まごうかたなき
	T	まご	紛うことなき	まごうことなき
MISSING_CANDIDATE	索	そう	4
	T	そう	流し索麺	ながしそうめん
	T	そう	索	そう
	T	そう	索子	そうず
	T	そう	索麺	そうめん
MISSING_CANDIDATE	紺	こう	4
	T	こう	紺屋	こうや
	T	こう	紺屋のしろばかま	こうやのしろばかま
	T	こう	紺屋の白ばかま	こうやのしろばかま
	T	こう	紺屋の白袴	こうやのしろばかま
MISSING_CANDIDATE	絞	しぼり	4
	T	しぼり	絞込み	しぼりこみ
	T	しぼり	絞込む	しぼりこむ
	T	しぼり	総絞	そうしぼり
	T	しぼり	鹿の子絞	かのこしぼり
MISSING_CANDIDATE	維	ゆい	3
	T	ゆい	四維	しゆい
	T	ゆい	維摩経	ゆいまきょう
	T	ゆい	維摩経	ゆいまぎょう
MISSING_CANDIDATE	綱	ごう	3
	T	ごう	三綱	さんごう
	T	ごう	上綱	じょうごう
	T	ごう	僧綱	そうごう
MISSING_CANDIDATE	網	あ	5
	T	あ	網み目	あみめ
	T	あ	網子	あご
	T	あ	網干し垣	あぼしがき
	T	あ	網干垣	あぼしがき
	T	あ	網針	あばり
MISSING_CANDIDATE	締	しま	14
	T	しま	取り締り	とりしまり
	T	しま	取締り	とりしまり
	T	しま	取締り役	とりしまりやく
	T	しま	取締る	とりしまる
	T	しま	引き締る	ひきしまる
MISSING_CANDIDATE	縁	ぷち	3
	T	ぷち	崖っ縁	がけっぷち
	T	ぷち	崖縁	がけぷち
	T	ぷち	川っ縁	かわっぷち
MISSING_CANDIDATE	縁	べり	4
	T	べり	川縁	かわべり
	T	べり	畳縁	たたみべり
	T	べり	船縁	ふなべり
	T	べり	薄縁	うすべり
MISSING_CANDIDATE	繁	し	4
	T	し	繁吹	しぶき
	T	し	繁吹き	しぶき
	T	し	繁吹く	しぶく
	T	し	血繁吹き	ちしぶき
MISSING_CANDIDATE	繁	ぱん	3
	T	ぱん	最繁トラヒック時	さいぱんとらひっくとき
	T	ぱん	最繁正時	さいぱんせいじ
	T	ぱん	頻繁	ひんぱん
MISSING_CANDIDATE	繕	づくろ	4
	T	づくろ	毛繕い	けづくろい
	T	づくろ	羽繕い	はづくろい
	T	づくろ	身繕い	みづくろい
	T	づくろ	金繕い	きんづくろい
MISSING_CANDIDATE	繰	ぐり	3
	T	ぐり	坐繰	ざぐり
	T	ぐり	座繰	ざぐり
	T	ぐり	資金繰	しきんぐり
MISSING_CANDIDATE	翻	こぼ	3
	T	こぼ	水翻し	みずこぼし
	T	こぼ	翻し	こぼし
	T	こぼ	翻す	こぼす
MISSING_CANDIDATE	耐	たえ	3
	T	たえ	耐兼ねる	たえかねる
	T	たえ	耐忍ぶ	たえしのぶ
	T	たえ	耐難い	たえがたい
MISSING_CANDIDATE	肢	あし	3
	T	あし	前肢	まえあし
	T	あし	後ろ肢	うしろあし
	T	あし	肢	あし
MISSING_CANDIDATE	胆	い	3
	T	い	クマの胆	くまのい
	T	い	熊の胆	くまのい
	T	い	胆	い
MISSING_CANDIDATE	胆	ぎも	3
	T	ぎも	度胆	どぎも
	T	ぎも	度胆を抜く	どぎもをぬく
	T	ぎも	生き胆	いきぎも
MISSING_CANDIDATE	胞	ぽう	4
	T	ぽう	グラーフ卵胞	ぐらーふらんぽう
	T	ぽう	卵胞	らんぽう
	T	ぽう	卵胞ホルモン	らんぽうほるもん
	T	ぽう	卵胞期	らんぽうき
MISSING_CANDIDATE	脂	やに	6
	T	やに	松脂	まつやに
	T	やに	目脂	めやに
	T	やに	眼脂	めやに
	T	やに	脂	やに
	T	やに	脂下がる	やにさがる
MISSING_CANDIDATE	脚	きゃっ	4
	T	きゃっ	脚下	きゃっか
	T	きゃっ	脚下照顧	きゃっかしょうこ
	T	きゃっ	脚光	きゃっこう
	T	きゃっ	脚光を浴びる	きゃっこうをあびる
MISSING_CANDIDATE	脚	ぎゃ	3
	T	ぎゃ	行脚	あんぎゃ
	T	ぎゃ	行脚僧	あんぎゃそう
	T	ぎゃ	雲水行脚	うんすいあんぎゃ
MISSING_CANDIDATE	脱	ぬぎ	3
	T	ぬぎ	沓脱	くつぬぎ
	T	ぬぎ	片肌脱	かたはだぬぎ
	T	ぬぎ	脱捨てる	ぬぎすてる
MISSING_CANDIDATE	腕	かいな	3
	T	かいな	腕	かいな
	T	かいな	腕を返す	かいなをかえす
	T	かいな	腕捻り	かいなひねり
MISSING_CANDIDATE	腫	ば	3
	T	ば	みみず腫れ	みみずばれ
	T	ば	ミミズ腫れ	みみずばれ
	T	ば	地腫れ	じばれ
MISSING_CANDIDATE	膚	ぷ	4
	T	ぷ	完膚	かんぷ
	T	ぷ	完膚なきまで	かんぷなきまで
	T	ぷ	完膚無きまで	かんぷなきまで
	T	ぷ	雪膚	せっぷ
MISSING_CANDIDATE	舞	も	4
	T	も	仕舞うた	しもうた
	T	も	仕舞うた屋	しもうたや
	T	も	仕舞た	しもた
	T	も	仕舞た屋	しもたや
MISSING_CANDIDATE	苛	いら	9
	T	いら	苛ち	いらち
	T	いら	苛っと	いらっと
	T	いら	苛つく	いらつく
	T	いら	苛立たしい	いらだたしい
	T	いら	苛立たしげ	いらだたしげ
MISSING_CANDIDATE	荒	すら	3
	T	すら	益荒男	ますらお
	T	すら	益荒男振	ますらおぶり
	T	すら	益荒男振り	ますらおぶり
MISSING_CANDIDATE	葛	かずら	13
	T	かずら	定家葛	ていかかずら
	T	かずら	屁糞葛	へくそかずら
	T	かずら	日陰の葛	ひかげのかずら
	T	かずら	柾の葛	まさきのかずら
	T	かずら	段葛	だんかずら
MISSING_CANDIDATE	葛	かっ	3
	T	かっ	葛根	かっこん
	T	かっ	葛根湯	かっこんとう
	T	かっ	葛藤	かっとう
MISSING_CANDIDATE	蔑	べっ	3
	T	べっ	女性蔑視	じょせいべっし
	T	べっ	蔑称	べっしょう
	T	べっ	蔑視	べっし
MISSING_CANDIDATE	薄	ぱく	3
	T	ぱく	浅薄	せんぱく
	T	ぱく	淡薄	たんぱく
	T	ぱく	皮相浅薄	ひそうせんぱく
MISSING_CANDIDATE	薦	こも	13
	T	こも	お薦	おこも
	T	こも	御薦	おこも
	T	こも	真薦	まこも
	T	こも	粗薦	あらこも
	T	こも	荒薦	あらこも
MISSING_CANDIDATE	藩	ぱん	4
	T	ぱん	列藩	れっぱん
	T	ぱん	脱藩	だっぱん
	T	ぱん	親藩	しんぱん
	T	ぱん	親藩大名	しんぱんだいみょう
MISSING_CANDIDATE	虐	いじ	11
	T	いじ	ネット虐め	ねっといじめ
	T	いじ	弱いもの虐め	よわいものいじめ
	T	いじ	弱い者虐め	よわいものいじめ
	T	いじ	虐め	いじめ
	T	いじ	虐めっ子	いじめっこ
MISSING_CANDIDATE	虚	そら	3
	T	そら	虚	そら
	T	そら	虚事	そらごと
	T	そら	虚言	そらごと
MISSING_CANDIDATE	蛇	くちなわ	3
	T	くちなわ	蛇	くちなわ
	T	くちなわ	蛇いちご	くちなわいちご
	T	くちなわ	蛇苺	くちなわいちご
MISSING_CANDIDATE	蜜	み	16
	T	み	夏蜜柑	なつみかん
	T	み	小蜜柑草	こみかんそう
	T	み	波羅蜜多	はらみた
	T	み	温州蜜柑	うんしゅうみかん
	T	み	温州蜜柑	おんしゅうみかん
MISSING_CANDIDATE	蜜	みっ	4
	T	みっ	波羅蜜多	はらみった
	T	みっ	般若波羅蜜多	はんにゃはらみった
	T	みっ	蜜接	みっせつ
	T	みっ	蜜腺	みっせん
MISSING_CANDIDATE	衝	つい	3
	T	つい	衝立	ついたて
	T	つい	衝立て	ついたて
	T	つい	衝立障子	ついたてしょうじ
MISSING_CANDIDATE	衝	つく	7
	T	つく	花衝羽根空木	はなつくばねうつぎ
	T	つく	衝羽根	つくばね
	T	つく	衝羽根朝顔	つくばねあさがお
	T	つく	衝羽根樫	つくばねがし
	T	つく	衝羽根空木	つくばねうつぎ
MISSING_CANDIDATE	袋	てい	5
	T	てい	布袋	ほてい
	T	てい	布袋竹	ほていちく
	T	てい	布袋腹	ほていばら
	T	てい	布袋葵	ほていあおい
	T	てい	布袋蘭	ほていらん
MISSING_CANDIDATE	袋	び	9
	T	び	世知弁足袋	せちべんたび
	T	び	地下足袋	じかたび
	T	び	数寄屋足袋	すきやたび
	T	び	白足袋	しろたび
	T	び	直足袋	じかたび
MISSING_CANDIDATE	被	かず	3
	T	かず	被く	かずく
	T	かず	被ける	かずける
	T	かず	被け物	かずけもの
MISSING_CANDIDATE	被	かむ	3
	T	かむ	被る	かむる
	T	かむ	貝被り	かいかむり
	T	かむ	頬被り	ほおかむり
MISSING_CANDIDATE	裸	ぱだか	6
	T	ぱだか	すっ裸	すっぱだか
	T	ぱだか	まっ裸	まっぱだか
	T	ぱだか	真っ裸	まっぱだか
	T	ぱだか	真裸	まっぱだか
	T	ぱだか	素っ裸	すっぱだか
MISSING_CANDIDATE	褐	かち	3
	T	かち	褐	かち
	T	かち	褐色	かちいろ
	T	かち	青褐	あおかち
MISSING_CANDIDATE	褒	ぼ	4
	T	ぼ	べた褒め	べたぼめ
	T	ぼ	ベタ褒め	べたぼめ
	T	ぼ	仲間褒め	なかまぼめ
	T	ぼ	我褒め	われぼめ
MISSING_CANDIDATE	襲	がさね	4
	T	がさね	下襲	したがさね
	T	がさね	桜襲	さくらがさね
	T	がさね	菊襲	きくがさね
	T	がさね	萩襲	はぎがさね
MISSING_CANDIDATE	覆	お	4
	T	お	日覆い	ひおい
	T	お	覆いかぶさる	おいかぶさる
	T	お	覆い被さる	おいかぶさる
	T	お	貝覆い	かいおい
MISSING_CANDIDATE	託	ことづ	3
	T	ことづ	託かる	ことづかる
	T	ことづ	託け	ことづけ
	T	ことづ	託ける	ことづける
MISSING_CANDIDATE	詠	よみ	4
	T	よみ	詠人	よみびと
	T	よみ	詠人知らず	よみびとしらず
	T	よみ	詠手	よみて
	T	よみ	詠込む	よみこむ
MISSING_CANDIDATE	詣	もうで	4
	T	もうで	初詣	はつもうで
	T	もうで	熊野詣	くまのもうで
	T	もうで	物詣	ものもうで
	T	もうで	神詣	かみもうで
MISSING_CANDIDATE	詰	きっ	3
	T	きっ	詰屈	きっくつ
	T	きっ	詰屈した	きっくつした
	T	きっ	詰責	きっせき
MISSING_CANDIDATE	詰	つま	10
	T	つま	せっぱ詰る	せっぱつまる
	T	つま	切羽詰る	せっぱつまる
	T	つま	押し詰る	おしつまる
	T	つま	煮詰る	につまる
	T	つま	詰らない	つまらない
MISSING_CANDIDATE	詰	づま	17
	T	づま	どん詰り	どんづまり
	T	づま	寸詰り	すんづまり
	T	づま	息詰る	いきづまる
	T	づま	手詰り	てづまり
	T	づま	気詰り	きづまり
MISSING_CANDIDATE	誘	おび	4
	T	おび	誘き入れる	おびきいれる
	T	おび	誘き出す	おびきだす
	T	おび	誘き寄せる	おびきよせる
	T	おび	誘く	おびく
MISSING_CANDIDATE	請	じょう	4
	T	じょう	公請	くじょう
	T	じょう	勧請	かんじょう
	T	じょう	召請	しょうじょう
	T	じょう	招請	しょうじょう
MISSING_CANDIDATE	謁	えっ	4
	T	えっ	謁す	えっす
	T	えっ	謁する	えっする
	T	えっ	謁見	えっけん
	T	えっ	謁見の間	えっけんのま
MISSING_CANDIDATE	貞	て	3
	T	て	不貞寝	ふてね
	T	て	不貞腐れ	ふてくされ
	T	て	不貞腐れる	ふてくされる
MISSING_CANDIDATE	販	ぱん	4
	T	ぱん	三洋信販	さんようしんぱん
	T	ぱん	信販	しんぱん
	T	ぱん	信販会社	しんぱんがいしゃ
	T	ぱん	物販	ぶっぱん
MISSING_CANDIDATE	貫	がん	4
	T	がん	本貫	ほんがん
	T	がん	流し満貫	ながしまんがん
	T	がん	満貫	まんがん
	T	がん	黄金千貫	こがねせんがん
MISSING_CANDIDATE	貼	ばり	4
	T	ばり	下貼	したばり
	T	ばり	切貼	きりばり
	T	ばり	目貼剥ぐ	めばりはぐ
	T	ばり	裏貼	うらばり
MISSING_CANDIDATE	賢	がしこ	3
	T	がしこ	ずる賢い	ずるがしこい
	T	がしこ	悪賢い	わるがしこい
	T	がしこ	狡賢い	ずるがしこい
MISSING_CANDIDATE	賢	げん	5
	T	げん	普賢	ふげん
	T	げん	普賢延命菩薩	ふげんえんめいぼさつ
	T	げん	普賢菩薩	ふげんぼさつ
	T	げん	観普賢経	かんふげんきょう
	T	げん	観普賢経	かんふげんぎょう
MISSING_CANDIDATE	賢	さか	5
	T	さか	女賢しくて牛売り損なう	おんなさかしくてうしうりそこなう
	T	さか	真賢木	まさかき
	T	さか	賢しい	さかしい
	T	さか	賢しら	さかしら
	T	さか	賢木	さかき
MISSING_CANDIDATE	贈	おくり	3
	T	おくり	贈主	おくりぬし
	T	おくり	贈名	おくりな
	T	おくり	贈物	おくりもの
MISSING_CANDIDATE	越	え	3
	T	え	越天楽	えてんらく
	T	え	越歴	えれき
	T	え	越殿楽	えてんらく
MISSING_CANDIDATE	越	えち	6
	T	えち	大岡越前	おおおかえちぜん
	T	えち	越前	えちぜん
	T	えち	越後	えちご
	T	えち	越後兎	えちごうさぎ
	T	えち	越後屋	えちごや
MISSING_CANDIDATE	跡	と	4
	T	と	跡切れ	とぎれ
	T	と	跡切れる	とぎれる
	T	と	跡絶え	とだえ
	T	と	跡絶える	とだえる
MISSING_CANDIDATE	跳	はね	5
	T	はね	跳人	はねと
	T	はね	跳地鼠	はねじねずみ
	T	はね	跳橋	はねばし
	T	はね	跳満	はねまん
	T	はね	跳炭	はねずみ
MISSING_CANDIDATE	辱	はずか	4
	T	はずか	辱しめ	はずかしめ
	T	はずか	辱しめる	はずかしめる
	T	はずか	辱しめをうける	はずかしめをうける
	T	はずか	辱しめを受ける	はずかしめをうける
MISSING_CANDIDATE	迎	ごう	5
	T	ごう	ご来迎	ごらいごう
	T	ごう	御来迎	ごらいごう
	T	ごう	来迎	らいごう
	T	ごう	来迎和讃	らいごうわさん
	T	ごう	来迎柱	らいごうばしら
MISSING_CANDIDATE	迫	せ	7
	T	せ	迫り	せり
	T	せ	迫り上がる	せりあがる
	T	せ	迫り上げる	せりあげる
	T	せ	迫り上る	せりあがる
	T	せ	迫り出す	せりだす
MISSING_CANDIDATE	迫	せり	7
	T	せり	迫	せり
	T	せり	迫上がる	せりあがる
	T	せり	迫元	せりもと
	T	せり	迫出す	せりだす
	T	せり	迫台	せりだい
MISSING_CANDIDATE	迫	ぱく	21
	T	ぱく	ひっ迫	ひっぱく
	T	ぱく	上腹部圧迫法	じょうふくぶあっぱくほう
	T	ぱく	切迫	せっぱく
	T	ぱく	切迫屠殺	せっぱくとさつ
	T	ぱく	切迫性尿失禁	せっぱくせいにょうしっきん
MISSING_CANDIDATE	逃	の	3
	T	の	乗り逃がす	のりのがす
	T	の	見逃がす	みのがす
	T	の	言い逃がれ	いいのがれ
MISSING_CANDIDATE	透	とお	9
	T	とお	光を透す	ひかりをとおす
	T	とお	染み透る	しみとおる
	T	とお	染透る	しみとおる
	T	とお	沁み透る	しみとおる
	T	とお	見透し	みとおし
MISSING_CANDIDATE	逐	お	4
	T	お	逐い払う	おいはらう
	T	お	逐う	おう
	T	お	逐って	おって
	T	お	鹿を逐う者は山を見ず	しかをおうものはやまをみず
MISSING_CANDIDATE	途	ず	11
	T	ず	一途	いちず
	T	ず	一途に	いちずに
	T	ず	三途の川	さんずのかわ
	T	ず	三途の河	さんずのかわ
	T	ず	三途川	さんずがわ
MISSING_CANDIDATE	逸	いち	5
	T	いち	逸	いち
	T	いち	逸早く	いちはやく
	T	いち	逸物	いちぶつ
	T	いち	逸物	いちもつ
	T	いち	逸速く	いちはやく
MISSING_CANDIDATE	逸	はや	3
	T	はや	逸り気	はやりぎ
	T	はや	逸り立つ	はやりたつ
	T	はや	逸る	はやる
MISSING_CANDIDATE	遍	ぺん	10
	T	ぺん	もう一遍	もういっぺん
	T	ぺん	一遍	いっぺん
	T	ぺん	一遍に	いっぺんに
	T	ぺん	正直一遍	しょうじきいっぺん
	T	ぺん	現場百遍	げんばひゃっぺん
MISSING_CANDIDATE	邪	ざ	3
	T	ざ	伊邪那岐	いざなき
	T	ざ	伊邪那岐	いざなぎ
	T	ざ	伊邪那美	いざなみ
MISSING_CANDIDATE	郎	ろ	12
	T	ろ	この野郎	このやろ
	T	ろ	和郎	わろ
	T	ろ	女郎	じょろ
	T	ろ	女郎買	じょろかい
	T	ろ	女郎買い	じょろかい
MISSING_CANDIDATE	郭	かっ	3
	T	かっ	斑冠郭公	まだらかんむりかっこう
	T	かっ	郭公	かっこう
	T	かっ	鬼郭公	おにかっこう
MISSING_CANDIDATE	酌	じゃく	3
	T	じゃく	手酌	てじゃく
	T	じゃく	手酌酒	てじゃくさけ
	T	じゃく	相酌	あいじゃく
MISSING_CANDIDATE	酔	え	3
	T	え	酔い	えい
	T	え	酔い醒めの水下戸知らず	えいさめのみずげこしらず
	T	え	酔う	えう
MISSING_CANDIDATE	酷	こっ	3
	T	こっ	酷刑	こっけい
	T	こっ	酷寒	こっかん
	T	こっ	酷寒猛暑	こっかんもうしょ
MISSING_CANDIDATE	釈	しゃ	19
	T	しゃ	お釈迦	おしゃか
	T	しゃ	お釈迦さま	おしゃかさま
	T	しゃ	お釈迦さん	おしゃかさん
	T	しゃ	お釈迦様	おしゃかさま
	T	しゃ	寝釈迦	ねしゃか
MISSING_CANDIDATE	鈍	おそ	3
	T	おそ	鈍い	おそい
	T	おそ	鈍し	おそし
	T	おそ	頭の回転が鈍い	あたまのかいてんがおそい
MISSING_CANDIDATE	鈍	のろ	9
	T	のろ	妻鈍ジー	さいのろじー
	T	のろ	薄鈍	うすのろ
	T	のろ	鈍	のろ
	T	のろ	鈍い	のろい
	T	のろ	鈍くさい	のろくさい
MISSING_CANDIDATE	錯	さっ	4
	T	さっ	貨幣錯覚	かへいさっかく
	T	さっ	錯簡	さっかん
	T	さっ	錯覚	さっかく
	T	さっ	錯角	さっかく
MISSING_CANDIDATE	鍛	か	3
	T	か	鍛治	かじ
	T	か	鍛治屋	かじや
MISSING_CANDIDATE	鐘	しき	3
	T	しき	黄鐘	おうしき
	T	しき	黄鐘調	おうしきじょう
	T	しき	黄鐘調	おうしきちょう
MISSING_CANDIDATE	閲	えっ	5
	T	えっ	閲す	えっす
	T	えっ	閲する	えっする
	T	えっ	閲兵	えっぺい
	T	えっ	閲兵台	えっぺいだい
	T	えっ	閲兵式	えっぺいしき
MISSING_CANDIDATE	附	つけ	6
	T	つけ	受附	うけつけ
	T	つけ	早附木	はやつけぎ
	T	つけ	見附	みつけ
	T	つけ	門附	かどつけ
	T	つけ	附加える	つけくわえる
MISSING_CANDIDATE	陰	おん	11
	T	おん	五陰	ごおん
	T	おん	五陰盛苦	ごおんじょうく
	T	おん	大陰	だいおん
	T	おん	陰陽	おんよう
	T	おん	陰陽五行	おんようごぎょう
MISSING_CANDIDATE	陳	ひね	5
	T	ひね	陳	ひね
	T	ひね	陳こびる	ひねこびる
	T	ひね	陳米	ひねごめ
	T	ひね	陳米	ひねまい
	T	ひね	陳臭い	ひねくさい
MISSING_CANDIDATE	隠	かくし	4
	T	かくし	溝隠	みぞかくし
	T	かくし	羽隠	はねかくし
	T	かくし	釘隠	くぎかくし
	T	かくし	雉隠	きじかくし
MISSING_CANDIDATE	隠	かくれ	3
	T	かくれ	隠亀	かくれがめ
	T	かくれ	隠熊之実	かくれくまのみ
	T	かくれ	隠蟹	かくれがに
MISSING_CANDIDATE	隠	ちん	5
	T	ちん	雪隠	せっちん
	T	ちん	雪隠で饅頭	せっちんでまんじゅう
	T	ちん	雪隠大工	せっちんだいく
	T	ちん	雪隠詰	せっちんづめ
	T	ちん	雪隠詰め	せっちんづめ
MISSING_CANDIDATE	隻	せっ	4
	T	せっ	一言隻句	いちごんせっく
	T	せっ	片言隻句	へんげんせっく
	T	せっ	隻句	せっく
	T	せっ	隻脚	せっきゃく
MISSING_CANDIDATE	雷	がみなり	3
	T	がみなり	日雷	ひがみなり
	T	がみなり	水雷	みずがみなり
	T	がみなり	火雷	ひがみなり
MISSING_CANDIDATE	震	ぶる	3
	T	ぶる	武者震い	むしゃぶるい
	T	ぶる	胴震い	どうぶるい
	T	ぶる	身震い	みぶるい
MISSING_CANDIDATE	霊	すだま	3
	T	すだま	生き霊	いきすだま
	T	すだま	生霊	いきすだま
	T	すだま	霊	すだま
MISSING_CANDIDATE	霊	み	3
	T	み	月夜霊	つきよみ
	T	み	月夜霊	つくよみ
	T	み	霊	み
MISSING_CANDIDATE	露	あら	3
	T	あら	露わ	あらわ
	T	あら	露わにする	あらわにする
	T	あら	馬脚を露わす	ばきゃくをあらわす
MISSING_CANDIDATE	露	あらわ	3
	T	あらわ	露	あらわ
	T	あらわ	露にする	あらわにする
	T	あらわ	馬脚を露す	ばきゃくをあらわす
MISSING_CANDIDATE	韓	はん	4
	T	はん	韓屋	はんおく
	T	はん	韓流	はんりゅう
	T	はん	韓流ドラマ	はんりゅうどらま
	T	はん	韓食	はんしょく
MISSING_CANDIDATE	項	うな	3
	T	うな	項垂れる	うなだれる
	T	うな	項着	うなつき
	T	うな	項着き	うなつき
MISSING_CANDIDATE	顎	がっ	3
	T	がっ	顎下腺	がっかせん
	T	がっ	顎脚	がっきゃく
	T	がっ	顎骨	がっこつ
MISSING_CANDIDATE	飢	かつ	3
	T	かつ	飢える	かつえる
	T	かつ	飢え死	かつえじに
	T	かつ	飢え死に	かつえじに
MISSING_CANDIDATE	飽	あき	4
	T	あき	飽足らない	あきたらない
	T	あき	飽足りない	あきたりない
	T	あき	飽足りる	あきたりる
	T	あき	飽足る	あきたる
MISSING_CANDIDATE	駆	かり	3
	T	かり	駆出す	かりだす
	T	かり	駆立てる	かりたてる
	T	かり	駆集める	かりあつめる
MISSING_CANDIDATE	騒	ざわ	4
	T	ざわ	騒つく	ざわつく
	T	ざわ	騒めき	ざわめき
	T	ざわ	騒めく	ざわめく
MISSING_CANDIDATE	騰	あ	4
	T	あ	騰がる	あがる
	T	あ	騰げる	あげる
MISSING_CANDIDATE	髪	が	10
	T	が	共白髪	ともしらが
	T	が	友白髪	ともしらが
	T	が	白髪	しらが
	T	が	白髪まじり	しらがまじり
	T	が	白髪マーモット	しらがまーもっと
MISSING_CANDIDATE	髪	ぐし	3
	T	ぐし	お髪	おぐし
	T	ぐし	御髪	おぐし
	T	ぐし	御髪	みぐし
MISSING_CANDIDATE	鬱	う	4
	T	う	葛鬱金	くずうこん
	T	う	鬱金	うこん
	T	う	鬱金色	うこんいろ
	T	う	鬱金香	うこんこう
MISSING_CANDIDATE	鬼	ぎ	3
	T	ぎ	又鬼	またぎ
	T	ぎ	胡鬼の子	こぎのこ
	T	ぎ	胡鬼板	こぎいた
MISSING_CANDIDATE	鬼	く	3
	T	く	天の邪鬼	あまのじゃく
	T	く	天ん邪鬼	あまんじゃく
	T	く	天之邪鬼	あまのじゃく
MISSING_CANDIDATE	魂	ごん	3
	T	ごん	反魂	はんごん
	T	ごん	反魂香	はんごんこう
	T	ごん	大反魂草	おおはんごんそう
MISSING_CANDIDATE	魂	だましい	5
	T	だましい	塊魂	かたまりだましい
	T	だましい	職人魂	しょくにんだましい
	T	だましい	負けじ魂	まけじだましい
	T	だましい	雑草魂	ざっそうだましい
	T	だましい	面魂	つらだましい
MISSING_CANDIDATE	魅	ひ	4
	T	ひ	心魅かれる	こころひかれる
	T	ひ	魅かれる	ひかれる
	T	ひ	魅きつける	ひきつける
	T	ひ	魅き付ける	ひきつける
MISSING_CANDIDATE	鯨	いさ	4
	T	いさ	鯨	いさ
	T	いさ	鯨魚	いさな
	T	いさ	鯨魚取	いさなとり
	T	いさ	鯨魚取り	いさなとり
MISSING_CANDIDATE	鯨	いさな	3
	T	いさな	鯨	いさな
	T	いさな	鯨取	いさなとり
	T	いさな	鯨取り	いさなとり
MISSING_CANDIDATE	鶏	げい	4
	T	げい	猿猴鶏頭	えんこうげいとう
	T	げい	紐鶏頭	ひもげいとう
	T	げい	葉鶏頭	はげいとう
	T	げい	青鶏頭	あおげいとう
MISSING_CANDIDATE	麗	らい	11
	T	らい	高麗	こうらい
	T	らい	高麗エビ	こうらいえび
	T	らい	高麗ニンジン	こうらいにんじん
	T	らい	高麗人	こうらいじん
	T	らい	高麗人参	こうらいにんじん
MISSING_CANDIDATE	麻	お	4
	T	お	真麻	まお
	T	お	麻	お
	T	お	麻幹	おがら
	T	お	麻幹花	おがらばな
